id,domain,status,purchase_price,renewal_price,attractiveness,demand,length,registrar,created_at,expires_at,status_verified_at
33eb84c0-e9d0-4cc0-8f32-1274c226f631,network.soy,premium,516.67,516.67,high,medium,7,spaceship,,,04/10/2026 12:16
c35d50c6-963a-47a7-9e46-a3fc32dcf4ef,network.airforce,available,103.99,103.99,high,medium,7,namesilo,,,04/10/2026 12:16
ecd876c2-63ac-456b-8150-863e21ecc9ea,network.careers,premium,512,512,high,medium,7,namesilo,,,04/10/2026 12:16
23df53e8-1172-4bc9-9c29-13831ff8515e,network.sbs,premium,384,768,high,medium,7,namesilo,,,04/10/2026 12:16
393e0e2f-bd3a-4b41-ac59-306c3807f47b,network.cars,available,1863.2,2064.2,high,medium,7,spaceship,,,04/10/2026 12:16
c2174d35-ae61-4904-8211-4a59a8e0acc9,network.organic,available,17,85.99,high,medium,7,unstoppable,,,04/10/2026 12:16
8fe75e27-4d5e-426d-bcab-21a22fdfb7d0,network.enterprises,resell,,,high,medium,7,Dynadot Inc,03/09/2026 22:08,03/09/2027 22:08,04/10/2026 12:16
599d20d2-f2fc-4209-ac76-3dbc7d7a4025,network.desi,available,19.98,22.98,high,medium,7,namecheap,,,02/10/2026 16:02
fac68782-e6be-426f-9823-7dc899b39878,network.cv,premium,2208.25,74.25,high,medium,7,dynadot,,,04/10/2026 12:16
35bc09a7-4f3e-41fa-bb4e-45614ee232a3,network.accountants,available,23.76,96.52,high,medium,7,dynadot,,,04/10/2026 12:16
a8bc1d40-42cf-4835-9552-9c7ff1de9fb2,network.health,premium,10350,71.4,high,medium,7,namesilo,,,04/10/2026 12:16
2a3ae099-4ab1-4710-b6b7-c88c9058a9eb,network.villas,available,47.81,47.81,high,medium,7,spaceship,,,04/10/2026 12:16
90c70742-34ec-422d-a831-2403a023e254,network.accountant,premium,103.7,26.08,high,medium,7,spaceship,,,04/10/2026 12:16
638e53d3-8dc9-402f-a167-bfb377f1f546,network.space,premium,6900,6900,high,medium,7,namesilo,,,04/10/2026 12:16
0522c273-3c51-431d-b808-fdaedf3535db,network.bargains,available,17.99,26.49,high,medium,7,namesilo,,,04/10/2026 12:16
97d5159c-cb33-47cb-a2eb-ff3ee471c24c,network.host,premium,3250,6500,high,medium,7,namecheap,,,04/10/2026 12:16
5e16a016-ecb7-49bc-b6bd-cda878ed0b21,network.uno,premium,1035.2,1035.2,high,medium,7,spaceship,,,04/10/2026 12:16
f9309236-4046-4ec4-8635-ae7debfb3446,network.best,premium,86.7,86.7,high,medium,7,dynadot,,,04/10/2026 12:16
4ed8ebfa-cf13-4190-831f-9d2f915f1981,network.pictures,available,8.24,12.87,high,medium,7,porkbun,,,04/10/2026 12:16
a1184578-4fbd-4f74-b63e-4646f83c4af7,network.delivery,resell,,,high,medium,7,Squarespace Domains II LLC,02/07/2021 12:21,02/07/2028 12:21,04/10/2026 12:16
bd2fbff0-cf2c-4019-a8da-590271795e43,network.cyou,premium,330,660,high,medium,7,dynadot,,,04/10/2026 12:16
87b59edc-0e94-4547-bdea-8f0816681aa8,network.melbourne,available,58,58,high,medium,7,namesilo,,,04/10/2026 12:16
98bbdc42-c8d1-44e1-a3c0-ff82cacad404,network.place,resell,,,high,medium,7,"Sav.com, LLC",09/02/2026 18:35,09/02/2027 18:35,04/10/2026 12:16
7aa0eb99-d168-4ca9-908b-e1372221e4af,network.gratis,available,23.6,23.6,high,medium,7,namesilo,,,04/10/2026 12:16
ee21aeb9-9065-4b87-a28c-39f35dd4c6ae,network.diet,available,93.35,103.4,high,medium,7,spaceship,,,04/10/2026 12:16
3c377692-05ee-4316-8d9e-634974b8792f,network.help,resell,,,high,medium,7,Dynadot Inc,11/08/2026 18:36,11/08/2027 23:59,04/10/2026 12:16
5c2ac3fa-7076-47a4-bf27-55e2d4f17226,telecom.online,premium,6900,6900,high,low,7,namesilo,,,30/09/2026 13:03
479325a0-531e-4236-980b-255889e8d9dc,network.fit,premium,1040,32.5,high,medium,7,namecheap,,,04/10/2026 12:16
f250d90c-9793-4280-b6f3-5bada93e2147,network.kim,resell,,,high,medium,7,"Xiamen ChinaSource Internet Service Co., Ltd",16/07/2025 15:15,16/07/2027 15:15,04/10/2026 12:16
6e996b38-8047-4a81-ae61-4603f1b71dc1,network.fishing,premium,96,29.5,high,medium,7,namesilo,,,04/10/2026 12:16
4e342f51-3f24-443f-9721-9f321507be31,network.hosting,premium,1729,1729,high,medium,7,namesilo,,,04/10/2026 12:16
902abd03-93bb-4e20-b49b-975120a95f04,telecom.nexus,premium,161.25,,high,low,7,name.com,,,30/09/2026 13:03
9ed6299d-4301-443e-9d1d-27616cbfbac7,network.blog,premium,640,2660,high,medium,7,namesilo,,,04/10/2026 12:16
e4c2b16d-596e-43aa-9928-2b1b170c831b,network.lgbt,available,10.55,64.37,high,medium,7,spaceship,,,04/10/2026 12:16
bcb9fdea-5fa0-4672-a1d7-f9f09cc196ec,telecom.app,resell,,,high,low,7,Porkbun LLC,03/04/2022 23:17,03/04/2027 23:17,30/09/2026 13:03
0198f96a-c5b5-4c9b-b2a6-73b18dd91188,network.pizza,available,5.38,51.95,high,medium,7,spaceship,,,04/10/2026 12:16
b150d6ac-7d00-4e84-94f7-8c36500b0a10,network.bar,premium,652.25,931.7,high,medium,7,spaceship,,,04/10/2026 12:16
6052c334-4063-400d-8def-542197196cd0,network.navy,available,34.27,34.27,high,medium,7,dynadot,,,04/10/2026 12:16
49cb62a2-9163-4a28-a0fb-24c82585aae8,network.restaurant,resell,,,high,medium,7,"GoDaddy.com, LLC",10/02/2026 14:42,10/02/2027 14:42,04/10/2026 12:16
68733702-6a49-4dfa-8da7-778ca0a7bafe,network.protection,available,1999.99,2049.99,high,medium,7,namesilo,,,04/10/2026 12:16
987af8e1-95fd-4d0d-b081-fb409d6e21dc,network.vodka,premium,41.6,26.08,high,medium,7,spaceship,,,04/10/2026 12:16
32bfba38-abf9-4663-948f-3cda119795b3,network.ventures,resell,,,high,medium,7,"Spaceship, Inc.",20/02/2014 01:22,20/02/2027 01:22,04/10/2026 12:16
0387edc5-cf2c-48c4-b2d4-4eb799176b39,telecom.cloud,premium,2660,2660,high,low,7,namesilo,,,30/09/2026 13:03
ae069a50-7b52-4e1d-84cb-f55403448f4b,network.rocks,resell,,,high,medium,7,Dynadot Inc,02/02/2022 13:15,02/02/2027 13:15,04/10/2026 12:16
7a9eeb6f-6bc1-48bc-b061-b0f516fb3ba6,network.living,premium,640,640,high,medium,7,namesilo,,,04/10/2026 12:16
291e83d9-5685-48a2-b61d-2832fcab02cf,network.tools,resell,,,high,medium,7,GoDaddy Online Services Cayman Islands Ltd.,09/08/2015 16:00,09/08/2031 16:00,04/10/2026 12:16
439f6d60-fbc3-4f17-bfcc-d993cb5d748f,network.condos,available,58.99,58.99,high,medium,7,namesilo,,,04/10/2026 12:16
46696a27-ce8d-47a4-b612-a17deef02eec,network.new,available,412.2,412.2,high,medium,7,spaceship,,,04/10/2026 12:16
9a9f7a5d-6f87-4e74-bf2a-108bc5dcb559,network.locker,premium,3433.44,8.8,high,medium,7,namesilo,,,04/10/2026 12:16
48cc0101-4f84-4b08-895d-953402ad0c2c,network.tickets,available,326.21,388.33,high,medium,7,spaceship,,,04/10/2026 12:16
ca22100f-0064-4cd4-bd71-ba7c638f0f40,network.rich,available,94.99,1999,high,medium,7,namesilo,,,04/10/2026 12:16
af48d034-f794-4995-b414-4f505d4ff43f,network.marketing,resell,,,high,medium,7,"GoDaddy.com, LLC",14/08/2015 16:00,14/08/2027 16:00,04/10/2026 12:16
26f6a0a8-960f-4342-be25-af4883dc9287,network.city,resell,,,high,medium,7,"Chengdu West Dimension Digital Technology Co., Ltd.",07/08/2015 04:35,07/08/2027 04:35,04/10/2026 12:16
6bd744f3-f9df-4303-b92f-133bd49c8a9a,network.gold,resell,,,high,medium,7,"DNSPod, Inc.",16/04/2018 06:04,16/04/2036 06:04,04/10/2026 12:16
9c715d64-dcc9-418d-b135-578f721617aa,network.blue,resell,,,high,medium,7,"Focus IP, Inc. dba Tracer",04/05/2015 01:34,04/05/2027 01:34,04/10/2026 12:16
ca7f1118-eac9-4a59-9d44-d9cd53bbbde1,network.online,premium,1375,5500,high,medium,7,dynadot,,,04/10/2026 12:16
d347d04c-44dd-4d1f-9b21-2bf4711ab33a,network.equipment,resell,,,high,medium,7,"GoDaddy.com, LLC",06/09/2015 00:28,06/09/2027 00:28,04/10/2026 12:16
638d9dec-c53f-46ae-9ef3-06900fa607b3,network.inc,premium,2061.5,2660,high,medium,7,namesilo,,,04/10/2026 12:16
3ac4ee7d-cc62-4d99-9cf2-a34f5106ce9d,network.shopping,premium,520,520,high,medium,7,namecheap,,,04/10/2026 12:16
37f7262b-65f4-44fa-897f-bc8d2bffa208,network.racing,premium,116,116,high,medium,7,namesilo,,,04/10/2026 12:16
a5a05f58-d6b8-458c-8ccc-3c441ca33434,network.maison,available,57.99,57.99,high,medium,7,namesilo,,,04/10/2026 12:16
519fec62-1a99-4521-9735-7588afe97f3b,telecom.host,premium,2587.7,5175.2,high,low,7,spaceship,,,30/09/2026 13:03
4bf905fe-b537-44e6-8f6f-cdd6f9ad4e09,network.rsvp,premium,499.2,516.67,high,medium,7,unstoppable,,,04/10/2026 12:16
eaf27499-b3b4-4779-b729-dcfad911edff,network.flowers,available,93.35,103.4,high,medium,7,spaceship,,,04/10/2026 12:16
24229c5b-3ae1-444d-97a5-73dc35f49c66,network.rent,resell,,,high,medium,7,"GoDaddy.com, LLC",19/04/2026 18:06,19/04/2027 23:59,04/10/2026 12:16
ab3f0bf2-b75c-4434-ad54-e76a8ddfa493,network.properties,available,18,31.25,high,medium,7,unstoppable,,,04/10/2026 12:16
ced452e7-abfc-44ae-b5e0-c9b7485d01e9,telecom.my,premium,781.01,1115.73,high,low,7,spaceship,,,30/09/2026 13:03
af5d0c74-f54b-4698-8a53-769c46bb9991,network.yoga,premium,414.2,26.08,high,medium,7,spaceship,,,04/10/2026 12:16
7b846331-0e29-43cc-94a1-35a5579947c7,network.moi,premium,300.5,328.02,high,medium,7,unstoppable,,,04/10/2026 12:16
8fb8b12d-965e-4d53-98f6-dc3aede53bfb,telecom.gg,resell,,,high,low,7,"Spaceship, Inc (https://www.spaceship.com)",,,30/09/2026 13:03
3a4813ef-0a4d-485b-8c6b-6b9332063b80,network.markets,resell,,,high,medium,7,DomainTact LLC,04/06/2026 15:15,04/06/2027 15:15,04/10/2026 12:16
60f1c65a-0f29-4b33-9448-9c6d9a7d01e5,network.film,premium,1107,1107,high,medium,7,namesilo,,,04/10/2026 12:16
2c96d840-5d49-43b5-af5c-0f864c1d7d74,network.games,premium,200.5,242,high,medium,7,unstoppable,,,04/10/2026 12:16
da0cc5a7-67b1-4a96-9379-228d198d183b,telecom.eco,available,60.59,61.74,high,low,7,dynadot,,,30/09/2026 13:03
e0fbbee5-428f-4f80-8952-4c876d3dcdb7,network.democrat,available,5.66,26.26,high,medium,7,porkbun,,,04/10/2026 12:16
553ca586-84fd-49b4-a480-2252c8e676fb,telecom.llc,premium,118.8,118.8,high,low,7,namesilo,,,30/09/2026 13:03
bebda3df-745d-4d9f-ad7e-66bbc911cae2,network.realty,premium,1107,1107,high,medium,7,namesilo,,,04/10/2026 12:16
678629d8-a41a-4708-bc55-ae7f44563e3a,telecom.foo,premium,133.72,133.72,high,low,7,spaceship,,,30/09/2026 13:03
5a15bb8f-5664-4c31-a30b-46c54174c677,telecom.id,resell,,,high,low,7,PT Jagat Informasi Solusi (int),18/06/2022 00:33,18/06/2027 23:59,30/09/2026 13:03
d3c9eb86-9b0d-4cb2-ae4e-e8c0d82a2add,network.limo,available,57.98,68.98,high,medium,7,namecheap,,,04/10/2026 12:16
6d09e1df-5ddd-43ef-93db-4e0340f730ef,telecom.health,resell,19.99,,high,low,7,name.com,,,30/09/2026 13:03
9b8987b0-d632-4124-8612-35083e69545d,network.center,resell,,,high,medium,7,"GoDaddy.com, LLC",16/09/2018 09:41,16/09/2027 09:41,04/10/2026 12:16
02dcfb0b-1c2d-4f9f-acce-af1e46d14f6d,telecom.london,premium,344.42,34.44,high,low,7,namecheap,,,30/09/2026 13:03
3b7b0588-5b90-43a5-8129-b08043478fd6,telecom.ltd,premium,38.94,38.94,high,low,7,namesilo,,,30/09/2026 13:03
24b4d2e2-a2e6-48c4-8c9f-8af6057904d7,telecom.cooking,available,32.49,32.49,high,low,7,namesilo,,,30/09/2026 13:03
9db32ff5-9138-48d7-a43f-e4db797715ff,telecom.properties,available,18.99,39.99,high,low,7,namesilo,,,30/09/2026 13:03
c9ad0c46-414b-4b0d-8a65-5abb87addab5,telecom.fail,available,38.99,38.99,high,low,7,namesilo,,,30/09/2026 13:03
e65ef4e5-a132-4ece-8bcc-613575e1f8de,telecom.tennis,available,67.98,81.98,high,low,7,namecheap,,,30/09/2026 13:03
e5442ed9-7806-44d7-9ad9-f99e09f2e5e0,network.lease,available,56.99,56.99,high,medium,7,namesilo,,,04/10/2026 12:16
a5675ef8-f8bb-4bf3-a52d-57598f9ee374,network.sale,premium,207.2,207.2,high,medium,7,spaceship,,,04/10/2026 12:16
460e7406-67b8-4e71-b825-19fcab337ca9,telecom.channel,premium,141.35,141.35,high,low,7,porkbun,,,30/09/2026 13:03
834d3757-bf9f-4915-8096-18f7901d7d40,telecom.fund,available,10.55,57.13,high,low,7,spaceship,,,30/09/2026 13:03
98279302-c64a-4a68-a1c6-84395e7920d4,network.gay,premium,832,832,high,medium,7,namesilo,,,04/10/2026 12:16
b2fc19b5-fb37-440f-9727-c8167652f000,network.photo,premium,109.69,109.69,high,medium,7,porkbun,,,04/10/2026 12:16
c528a81b-597f-4ce0-bf1e-c90214e60f26,network.shop,premium,6500,6500,high,medium,7,namecheap,,,04/10/2026 12:16
d4a41229-8643-4154-8969-0e777c5b6674,telecom.global,premium,4367.16,55.11,high,low,7,porkbun,,,30/09/2026 13:03
dbd88b6e-1d8b-4452-b016-2a3a049f1f7e,telecom.investments,available,8.24,107.22,high,low,7,dynadot,,,30/09/2026 13:03
f5d0e3d3-4e53-4b4d-87c4-18d876b0d207,network.dad,premium,516.67,516.67,high,medium,7,spaceship,,,04/10/2026 12:16
ffbbf8cf-b558-4ac5-a5ef-09cf2d55a9b4,network.claims,resell,,,high,medium,7,Dynadot Inc,13/02/2026 17:00,13/02/2027 17:00,04/10/2026 12:16
f7727d38-b9c4-4448-872a-f1a88afcb8c2,network.one,resell,,,high,medium,7,Porkbun,05/12/2025 00:10,05/12/2026 00:10,04/10/2026 12:16
0c714435-bdbf-47e7-81fa-abe55177fbba,telecom.domains,available,33.2,33.2,high,low,7,cloudflare,,,30/09/2026 13:03
cf23bb45-9166-4985-ade6-d7e57a5a827f,telecom.one,premium,640,640,high,low,7,namesilo,,,30/09/2026 13:03
91f43f6d-95ab-4b74-a412-8f59e7aae7e2,telecom.yoga,available,25.2,25.2,high,low,7,cloudflare,,,30/09/2026 13:03
f9f6aaa4-5dec-41c8-9333-13dcd10e6912,network.men,resell,,,high,medium,7,Dynadot Inc,01/03/2019 03:10,01/03/2027 03:10,04/10/2026 12:16
51f3861c-98a9-4558-939f-7e25a743322e,network.vacations,available,5.57,32.21,high,medium,7,dynadot,,,04/10/2026 12:16
e5dbf489-eceb-470b-a19d-c0a1dff61c03,network.kids,premium,53.92,21.24,high,medium,7,namesilo,,,04/10/2026 12:16
56caca32-b8c4-424f-8010-06ad5a9fe679,telecom.cleaning,available,60.23,60.23,high,low,7,spaceship,,,30/09/2026 13:03
9d047904-2c10-483d-b061-9adafc768074,telecom.spot,premium,103.7,103.7,high,low,7,spaceship,,,30/09/2026 13:03
e490ee3d-8cc1-47b0-b20e-1b475cb0023e,network.solar,premium,260,520,high,medium,7,namecheap,,,04/10/2026 12:16
9f245612-a3f6-41a9-a4e6-92a048a2bab0,telecom.archi,available,13.14,83,high,low,7,spaceship,,,30/09/2026 13:03
ae356580-f1cd-41c2-b16d-0678de754621,telecom.engineer,premium,1107,1107,high,low,7,namesilo,,,30/09/2026 13:03
22412663-7f43-4653-ac5b-6d8ae791befe,telecom.cfd,premium,310.7,621.2,high,low,7,spaceship,,,30/09/2026 13:03
36fd34a7-34cc-4b36-8c47-29407072c2e7,network.movie,premium,437.29,873.85,high,medium,7,porkbun,,,04/10/2026 12:16
edf2c7a2-a7d6-4db7-acf4-9663b7cb72ed,telecom.salon,available,44.2,44.2,high,low,7,cloudflare,,,30/09/2026 13:03
4c05f44d-3255-4bdd-ac5e-aafc7a49fcd4,telecom.solutions,resell,,,high,low,7,"Spaceship, Inc.",27/12/2022 15:15,27/12/2026 15:15,30/09/2026 13:03
c9fd279d-3893-4379-9065-482fb86c2c0b,telecom.singles,available,3.31,27.11,high,low,7,spaceship,,,30/09/2026 13:03
e8c43257-f78c-47b0-b728-33349ea4bc30,telecom.lgbt,available,10.81,64.37,high,low,7,porkbun,,,30/09/2026 13:03
d699e644-848d-4707-b9a3-fa48242b79af,network.futbol,available,5.38,13.66,high,medium,7,spaceship,,,04/10/2026 12:16
90d938d2-9e2f-4178-b306-172ea3cc47d0,telecom.codes,available,3.31,57.13,high,low,7,spaceship,,,30/09/2026 13:03
0f37f39e-8517-4bba-8974-b4691b9e8cbd,telecom.charity,available,14.99,23.99,high,low,7,namesilo,,,30/09/2026 13:03
9cfd6f07-c8aa-4157-96ff-3411e3bca772,telecom.bingo,available,8.24,44.09,high,low,7,dynadot,,,30/09/2026 13:03
94fd33ce-6940-4c11-91ff-1c95dff85182,telecom.camp,available,62.99,62.99,high,low,7,namesilo,,,30/09/2026 13:03
62755fda-4ab8-4958-bddb-459bf356a67b,telecom.land,available,15.99,41.99,high,low,7,namesilo,,,30/09/2026 13:03
7bf906e6-ccc4-4571-bec8-f38254f6403a,telecom.surgery,available,54.99,54.99,high,low,7,namesilo,,,30/09/2026 13:03
80c71a32-fff1-4fdc-b764-8f6a6b78b006,telecom.racing,premium,116,116,high,low,7,namesilo,,,30/09/2026 13:03
b07bc47a-6708-468d-9eaf-3ee7962578c9,telecom.wedding,available,26.08,26.08,high,low,7,spaceship,,,30/09/2026 13:03
2b2e9b52-f46b-4423-80cc-25e7c6e126df,telecom.shopping,available,26.99,26.99,high,low,7,namesilo,,,30/09/2026 13:03
39b7dd1d-c22f-4ee2-9fe8-2c904f359332,network.auction,premium,118.8,118.8,high,medium,7,namesilo,,,04/10/2026 12:16
92560a30-6293-4b94-9b91-2f8703eefe8e,telecom.photo,available,29.99,29.99,high,low,7,namesilo,,,30/09/2026 13:03
eb1c0416-ee1c-47ec-8bb2-a358d87789cb,telecom.rsvp,premium,133.72,133.72,high,low,7,spaceship,,,30/09/2026 13:03
2bb885ae-bb7c-42a3-989d-0561177a784d,telecom.free,premium,110,110,high,low,7,dynadot,,,30/09/2026 13:03
f31adbd2-b7b9-4528-8616-f2a2706982db,telecom.productions,available,10.99,40.49,high,low,7,namesilo,,,30/09/2026 13:03
bc3e6ea1-3bdf-4fce-86dd-f4de68e9adb9,network.works,resell,,,high,medium,7,"Global Domains International, Inc. DBA DomainCostClub.com",19/12/2025 15:15,19/12/2026 15:15,04/10/2026 12:16
53ab3ede-9a69-4fb2-8df9-4db216ca7156,network.sucks,premium,2182.75,2182.75,high,medium,7,porkbun,,,04/10/2026 12:16
912c4d4b-8447-4237-b1b9-566d97f7f45d,network.sexy,available,2749.99,2749.99,high,medium,7,namesilo,,,04/10/2026 12:16
a09263fc-4f96-4ad4-a202-7ab701341610,network.ski,premium,102.67,102.67,high,medium,7,spaceship,,,04/10/2026 12:16
f37575c0-69c4-40ea-8cc1-132b8ebc83c6,network.memorial,available,41.6,41.6,high,medium,7,spaceship,,,04/10/2026 12:16
00c66029-11a8-45c2-8874-659643eff4ad,telecom.fishing,premium,41.6,26.08,high,low,7,spaceship,,,30/09/2026 13:03
bc4e6c61-9fb0-444d-8c52-4ba5c5f34e16,telecom.futbol,available,13.2,13.2,high,low,7,cloudflare,,,30/09/2026 13:03
a5e0fbfe-6ddb-4224-b062-447189626536,telecom.space,premium,1107,1107,high,low,7,namesilo,,,30/09/2026 13:03
1f0cc117-095a-4c02-bef4-5d2d1364525e,network.tires,available,87.98,110.98,high,medium,7,namecheap,,,04/10/2026 12:16
cd5b1447-851f-4f9e-9d93-81f5842015cc,telecom.degree,available,52.99,52.99,high,low,7,namesilo,,,30/09/2026 13:03
fc74f03f-c816-460a-973a-217c56e90155,network.boo,premium,516.67,516.67,high,medium,7,spaceship,,,04/10/2026 12:16
b6ad8453-6ba1-4885-9c5e-3bdfa55200df,network.luxe,premium,512,17.7,high,medium,7,namesilo,,,04/10/2026 12:16
7cdc6170-b86d-4a4a-b33f-585960f3cb1f,telecom.storage,available,465.95,500.2,high,low,7,spaceship,,,30/09/2026 13:03
ea63b5ec-688b-4c0c-90a5-8fc2ba685960,telecom.top,resell,,,high,low,7,烟台帝思普网络科技有限公司,08/10/2019 01:58,08/10/2027 01:58,30/09/2026 13:03
aba47397-586d-41a4-95ee-e4ef2c03bcc5,telecom.bot,premium,1035.2,1035.2,high,low,7,spaceship,,,30/09/2026 13:03
c6c28103-470a-499d-9ea9-cd27ea4e6004,telecom.website,premium,1107,1107,high,low,7,namesilo,,,30/09/2026 13:03
75288369-f8b9-401a-aa16-90fa3fa39277,network.loan,premium,517.7,67.48,high,medium,7,spaceship,,,04/10/2026 12:16
a19658d9-2eda-4477-9c2c-c48d118d79e2,telecom.fast,premium,53.92,53.92,high,low,7,namesilo,,,30/09/2026 13:03
0c4a8453-91e8-4d07-b34d-85f7094161a3,telecom.audio,available,104.99,114.99,high,low,7,namesilo,,,30/09/2026 13:03
a80fa5e3-b07a-434b-a528-869b6ba0d6f4,telecom.tours,available,5.38,49.88,high,low,7,spaceship,,,30/09/2026 13:03
011aa1c4-a0c4-440e-af2e-c2a18bbb774e,telecom.forsale,premium,102.67,102.67,high,low,7,spaceship,,,30/09/2026 13:03
2244c11e-71e0-46eb-84ba-ab7fbfa9e4bf,telecom.rip,available,23.49,23.49,high,low,7,namesilo,,,30/09/2026 13:03
482d469e-8635-4b75-bfba-dfa1e4392266,telecom.country,available,2060.25,2060.25,high,low,7,porkbun,,,30/09/2026 13:03
2a1f5dfe-709d-40cc-b039-dfc49360629c,network.holdings,available,50.2,50.2,high,medium,7,cloudflare,,,04/10/2026 12:16
a9f5f65d-380e-4b2f-8d17-4faaa6d42634,telecom.tickets,available,326.21,388.33,high,low,7,spaceship,,,30/09/2026 13:03
86a1f572-3bfd-4a2b-8d7d-8d4120746bea,network.car,available,1999.99,2199,high,medium,7,namesilo,,,04/10/2026 12:16
ecf9f667-a49d-4643-82aa-fa56577efe73,telecom.inc,premium,1604.45,2070.2,high,low,7,spaceship,,,30/09/2026 13:03
87a7d01b-647d-4f40-ae12-32dfe84c82b1,network.bot,premium,2587.7,2587.7,high,medium,7,spaceship,,,04/10/2026 12:16
c54814f0-d276-49eb-bb27-7bd1f76a8624,telecom.game,available,310.98,547.98,high,low,7,namecheap,,,30/09/2026 13:03
fccaaddd-b20c-4d7c-8672-8702cad461b7,telecom.viajes,available,35.2,35.2,high,low,7,cloudflare,,,30/09/2026 13:03
48ba7564-965a-4a47-bff9-9e7a3ab8647a,telecom.voting,available,1398,1448,high,low,7,namecheap,,,30/09/2026 13:03
ba215a08-32df-4bd0-b638-e5662c1758a9,telecom.promo,available,14.49,24.99,high,low,7,namesilo,,,30/09/2026 13:03
fa662eec-0dac-4506-a75e-e44131dd1ca4,network.computer,resell,,,high,medium,7,"Global Domains International, Inc. DBA DomainCostClub.com",27/02/2025 15:15,27/02/2027 15:15,04/10/2026 12:16
d6770550-580d-4208-8cd7-f45f5817c677,telecom.sexy,available,2587.7,2587.7,high,low,7,spaceship,,,30/09/2026 13:03
49941734-8ece-46ec-ae80-22ccdaac8c4e,network.expert,resell,,,high,medium,7,"Global Domains International, Inc. DBA DomainCostClub.com",15/07/2015 16:00,15/07/2028 16:00,04/10/2026 12:16
9b9e2f32-cac2-40f3-ae7d-a99543a55de6,telecom.cricket,premium,448,53.92,high,low,7,namesilo,,,30/09/2026 13:03
0c375758-fe95-4a17-bba6-20d74d651145,telecom.ca,resell,,,high,low,7,MyID.ca INC.,24/01/2002 15:45,24/01/2027 05:00,30/09/2026 13:03
793658f7-1207-4c53-86e8-316666a695fe,telecom.jewelry,available,50.2,50.2,high,low,7,cloudflare,,,30/09/2026 13:03
4313ab0e-a448-4854-88c8-51c2b84ab903,network.partners,resell,,,high,medium,7,"Sav.com, LLC - 6",09/06/2026 15:15,09/06/2027 15:15,04/10/2026 12:16
572dc5f2-a649-4553-9c1a-c8bcb34564b6,telecom.flowers,available,93.35,103.4,high,low,7,spaceship,,,30/09/2026 13:03
9bca5a55-4d70-4b2f-ad92-e313db069ddc,telecom.co,resell,17.99,,high,low,7,Dynadot Inc,21/04/2026 00:29,21/04/2027 23:59,30/09/2026 13:03
8ffa3b12-36be-4bde-a1dd-a441e984ec23,telecom.loans,available,20.99,116.99,high,low,7,namesilo,,,30/09/2026 13:03
b8e83ece-3561-4027-9ba9-48052fcb203b,network.hospital,available,57.99,57.99,high,medium,7,namesilo,,,04/10/2026 12:16
9bb46757-80d6-40b1-b83d-c2d0a6fc000b,telecom.holdings,available,52.01,52.01,high,low,7,porkbun,,,30/09/2026 13:03
87742421-5b7a-42a0-927b-ad17780febc3,telecom.football,available,10.92,21.62,high,low,7,dynadot,,,30/09/2026 13:03
9e58ac66-3d5f-4b76-8f67-75bbeac99d9d,network.show,resell,,,high,medium,7,"DNSPod, Inc.",04/03/2017 05:03,04/03/2027 05:03,04/10/2026 12:16
5512769e-73b9-4ca8-8874-970462888053,telecom.auto,available,1863.2,2064.2,high,low,7,spaceship,,,30/09/2026 13:03
8224723a-0514-4f22-98d5-f3be80c409e8,network.ltda,available,34.99,34.99,high,medium,7,namesilo,,,04/10/2026 12:16
55ca997a-7038-4e97-b351-52e15e5c53ac,network.archi,available,14.98,132.98,high,medium,7,namecheap,,,04/10/2026 12:16
94e0a160-e54d-4fe0-8531-1e6f6a980f7f,network.theater,available,51.95,51.95,high,medium,7,spaceship,,,04/10/2026 12:16
058e65f1-e77b-4b6c-906e-da625d0cd1f2,telecom.barcelona,available,25.04,25.04,high,low,7,spaceship,,,30/09/2026 13:03
1001b7b3-f443-4fe6-9513-401f1e235af1,network.rehab,premium,207.2,207.2,high,medium,7,spaceship,,,04/10/2026 12:16
b9674379-2f9f-40a5-952c-b8f7eb8bace3,telecom.cruises,available,56.99,56.99,high,low,7,namesilo,,,30/09/2026 13:03
32f0995f-4016-47a7-a1c1-409a0bd95059,network.promo,resell,,,high,medium,7,"Sav.com, LLC - 27",21/08/2026 15:15,21/08/2027 15:15,04/10/2026 12:16
f56d78d8-2acb-4f0a-b7d6-5127b41a5059,telecom.cv,premium,1042.76,7.76,high,low,7,spaceship,,,30/09/2026 13:03
e1031373-63dc-4b35-92a0-89bbe2518519,telecom.yachts,available,1.99,17.29,high,low,7,namesilo,,,30/09/2026 13:03
01643419-67a7-41f4-b4a2-399142b9ff41,telecom.protection,available,1999.99,2049.99,high,low,7,namesilo,,,30/09/2026 13:03
daa61785-fd68-4b39-a3c8-827adbfe9910,network.sydney,available,58,58,high,medium,7,namesilo,,,04/10/2026 12:16
025db2b2-7b82-4369-8464-d8d804f03d71,telecom.voyage,available,58.99,58.99,high,low,7,namesilo,,,30/09/2026 13:03
44220842-1b02-40ff-a5f8-42e4d7169ca1,telecom.pet,available,6.41,20.9,high,low,7,spaceship,,,30/09/2026 13:03
ab1e2835-2e61-4bb1-bd7d-409e9237b765,network.email,resell,,,high,medium,7,"Xiamen ChinaSource Internet Service Co., Ltd",23/09/2023 15:15,23/09/2027 15:15,04/10/2026 12:16
906d988f-d203-46b4-b535-2d2af3b92614,communication.tickets,available,401.47,401.47,high,low,13,dynadot,,,03/10/2026 08:59
a39371c3-a433-484a-bb30-5adb2f9c7b42,telecom.world,resell,,,high,low,7,"DNSPod, Inc.",02/06/2021 00:00,02/06/2027 00:00,30/09/2026 13:03
73be2939-e446-4898-a7e5-de1c37e7797c,telecom.hiphop,available,23.99,23.99,high,low,7,namesilo,,,30/09/2026 13:03
afe07626-57a5-4d15-9c76-2c4760b2344b,communication.cars,available,2140.22,2140.22,high,low,13,dynadot,,,03/10/2026 08:59
d3075bab-01ce-456b-b49e-48b89a44f511,telecom.supply,available,27.48,33.48,high,low,7,namecheap,,,30/09/2026 13:03
2246d23f-f100-4e38-aff6-2faad6fc8525,telecom.guide,available,41.49,41.49,high,low,7,namesilo,,,30/09/2026 13:03
9afc2f4e-e7a7-4d31-bb71-1369d0a5f055,network.flights,available,32.32,48.37,high,medium,7,dynadot,,,04/10/2026 12:16
80775be0-7a93-4831-af78-747d336da650,telecom.villas,available,62.98,74.98,high,low,7,namecheap,,,30/09/2026 13:03
4697355c-2db4-43ce-a050-306d5c16e98f,telecom.horse,available,25.2,25.2,high,low,7,cloudflare,,,30/09/2026 13:03
e200884b-c87d-4159-afe5-39e1d44f62a5,network.cleaning,available,60.23,60.23,high,medium,7,spaceship,,,04/10/2026 12:16
f6224600-79dd-4c39-a6e0-577111163ff5,network.cricket,premium,1107,116,high,medium,7,namesilo,,,04/10/2026 12:16
63c24a1e-e3d6-4ac7-89cc-9c1a022cc4e1,telecom.gifts,available,8.24,30.18,high,low,7,dynadot,,,30/09/2026 13:03
d2998a2a-171d-4dcc-8b03-4381b6625a11,network.shoes,available,64.99,64.99,high,medium,7,namesilo,,,04/10/2026 12:16
5b0caf79-5197-4a98-9bd6-3706bf6f129b,network.plumbing,premium,512,512,high,medium,7,namesilo,,,04/10/2026 12:16
52d1b857-a098-47fb-be99-882c97d9bbcc,telecom.theater,available,51.95,51.95,high,low,7,spaceship,,,30/09/2026 13:03
6e48ceb3-d68b-49ba-b3e6-1aaff3de883e,network.band,premium,118.8,118.8,high,medium,7,namesilo,,,04/10/2026 12:16
4510257f-537d-4083-a59f-9c29ed56e87e,network.degree,premium,242,242,high,medium,7,namesilo,,,04/10/2026 12:16
46e5a8e1-047a-4b0d-b0f8-b876a3310408,telecom.clinic,available,20.99,64.99,high,low,7,namesilo,,,30/09/2026 13:03
23bbfcf7-809a-47ea-b0fc-3885670dd7db,telecom.partners,available,9.52,57.13,high,low,7,spaceship,,,30/09/2026 13:03
6c51b9ae-e3fd-4cd1-9700-2c195330afef,network.holiday,available,50.2,50.2,high,medium,7,cloudflare,,,04/10/2026 12:16
6f48155c-c114-4678-b942-9b61bdc86d42,network.tours,resell,,,high,medium,7,"Global Domains International, Inc. DBA DomainCostClub.com",14/03/2026 15:15,14/03/2027 15:15,04/10/2026 12:16
d7cb394b-6c30-413d-9707-59cb5c96f3f7,telecom.golf,available,6.41,51.95,high,low,7,spaceship,,,30/09/2026 13:03
59684abb-c8f2-4c06-93d3-ce6fea936174,network.cash,resell,,,high,medium,7,"DNSPod, Inc.",17/05/2020 02:10,17/05/2030 02:10,04/10/2026 12:16
48a51a44-710f-4e5e-84e8-a4b4401d3dbe,telecom.how,premium,423.75,,high,low,7,name.com,,,30/09/2026 13:03
3c9b16d9-2248-45bb-8299-60fafe614c2b,network.bingo,available,41.2,41.2,high,medium,7,cloudflare,,,04/10/2026 12:16
06400df1-70c5-4320-a4c5-78af2b8266a9,telecom.ceo,available,9.19,103.7,high,low,7,spaceship,,,30/09/2026 13:03
d8e96307-4a04-4dc7-8426-6f9237db2fb3,telecom.fitness,available,32.2,32.2,high,low,7,cloudflare,,,30/09/2026 13:03
8c67582e-0825-48ca-8996-541a186ff969,telecom.luxury,available,26.97,26.97,high,low,7,dynadot,,,30/09/2026 13:03
b9f6d92b-3f12-4526-8f8a-ce5551784852,network.furniture,available,27.99,94.99,high,medium,7,namesilo,,,04/10/2026 12:16
863a129e-cace-4d50-a2d3-d6ca46ca6317,telecom.pub,available,32.44,32.44,high,low,7,porkbun,,,30/09/2026 13:03
51267b2c-5ae8-4e44-882a-6236cefe085f,communication.dealer,premium,4278,2660,high,low,13,namesilo,,,03/10/2026 08:59
622451ee-04aa-4aeb-b660-ee30914ee1f1,telecom.cheap,available,5.38,29.18,high,low,7,spaceship,,,30/09/2026 13:03
fd4e0b8f-e894-47fb-9495-6f3e7c818c3c,network.voting,available,978.6,978.6,high,medium,7,dynadot,,,04/10/2026 12:16
afe2be5f-6566-4427-b5fe-7817685c5a1d,telecom.coffee,available,6.41,34.36,high,low,7,spaceship,,,30/09/2026 13:03
b8fe59ae-fd90-4d36-a1e5-19e7cf31f085,network.day,premium,516.67,516.67,high,medium,7,spaceship,,,04/10/2026 12:16
4be7765e-9e22-4d0a-bafe-6bfd103849f9,network.talk,premium,640,640,high,medium,7,namesilo,,,04/10/2026 12:16
6925e8f0-697b-4a61-ad67-e56f3c61b324,network.style,premium,78.54,78.54,high,medium,7,namesilo,,,04/10/2026 12:16
7127fcd9-30b1-451b-865a-dd6526745529,telecom.gay,available,32.32,32.32,high,low,7,dynadot,,,30/09/2026 13:03
7814561c-da4b-419b-a5b8-f5f21fd43477,telecom.associates,available,18.99,38.99,high,low,7,namesilo,,,30/09/2026 13:03
ed4bd495-9e97-43b2-938a-47d028f79aa5,telecom.fan,available,43.67,43.67,high,low,7,spaceship,,,30/09/2026 13:03
db3d8f65-d42a-44b1-921a-2d5d2765a128,network.plus,resell,,,high,medium,7,"Sav.com, LLC - 4",27/09/2022 13:15,27/09/2027 13:15,04/10/2026 12:16
c7212f5d-deb0-4041-b1ec-53cead18726c,network.xyz,resell,,,high,medium,7,"Spaceship, Inc.",05/07/2021 17:41,05/07/2027 23:59,04/10/2026 12:16
86591e13-0cd6-4a53-9092-ef27d48c4ea9,network.phd,premium,671.92,671.92,high,medium,7,spaceship,,,04/10/2026 12:16
4cd073f5-fc7c-4c0e-8b4d-da6a1a07f568,telecom.boats,available,1.54,14.21,high,low,7,porkbun,,,30/09/2026 13:03
2e865a06-9ce9-4ba0-ad0b-e74486f0f0fc,network.immo,premium,512,512,high,medium,7,namesilo,,,04/10/2026 12:16
d67285cf-c64e-4788-85e5-a79d8fab2f84,network.tech,premium,2587.7,10350.2,high,medium,7,spaceship,,,04/10/2026 12:16
7fb21322-80f6-4781-bd88-f6fe7e4ef4e6,telecom.group,resell,,,high,low,7,,,,30/09/2026 13:03
143e60d6-48a4-46d0-a30d-caf808613da1,network.finance,resell,,,high,medium,7,"Spaceship, Inc.",18/07/2025 15:15,18/07/2027 15:15,04/10/2026 12:16
6864f32c-77d1-4263-be50-a067cb9d07b7,telecom.glass,available,58.16,58.16,high,low,7,spaceship,,,30/09/2026 13:03
e3fec585-ed4b-4f5b-ab57-5cd924f0939f,telecom.red,available,11.49,23.49,high,low,7,namesilo,,,30/09/2026 13:03
757cb136-57d4-4724-9761-a2e976794bfa,telecom.haus,available,14.99,33.99,high,low,7,namesilo,,,30/09/2026 13:03
08b9e3cd-3782-486b-a15f-d4cdccfb1da8,telecom.fish,available,34.2,34.2,high,low,7,cloudflare,,,30/09/2026 13:03
98518819-fe11-4bdf-b38a-4066fdd1db3e,telecom.insure,available,72.99,72.99,high,low,7,namesilo,,,30/09/2026 13:03
508ea6e8-1859-4877-ad23-e97b6e355d81,communication.pub,available,32.29,32.29,high,low,13,spaceship,,,03/10/2026 08:59
d6b42819-056f-477a-9cd8-aaa7e23b72ad,telecom.immobilien,available,29.2,29.2,high,low,7,cloudflare,,,30/09/2026 13:03
584eac84-2ad4-4c56-b835-2f2c705e2547,telecom.tips,available,24.2,24.2,high,low,7,cloudflare,,,30/09/2026 13:03
20666bc2-2949-4817-8823-947f4f974abc,communication.express,available,9,31.25,high,low,13,spaceship,,,03/10/2026 08:59
3900617d-1a12-4a78-879a-b1f4b87a58a6,network.lawyer,premium,4140,4140,high,medium,7,namesilo,,,04/10/2026 12:16
ff2d6d49-55fb-449b-b17a-5b802590bee0,network.fans,premium,116,116,high,medium,7,namesilo,,,04/10/2026 12:16
b26fc57b-35c8-4f12-8e48-ae4c3c8514e6,network.codes,resell,,,high,medium,7,Dynadot Inc,27/01/2026 17:00,27/01/2027 17:00,04/10/2026 12:16
e523c436-db29-4f1c-9283-f76e31a32b38,network.info,resell,,,high,medium,7,Hosting Concepts B.V. d/b/a Registrar.eu,13/07/2002 19:23,13/07/2027 19:23,04/10/2026 12:16
6204b47c-1ed1-47b9-9e62-fcd18dfe142b,communication.rich,available,79,160.72,high,low,13,dynadot,,,03/10/2026 08:59
7bc320c1-2dd4-4efa-9f9b-60aa114aa7d6,communication.cat,available,26.98,38.98,high,low,13,namecheap,,,03/10/2026 08:59
4608d5e3-f4a8-4186-8e60-b7abb2f21bb5,telecom.vodka,available,26.08,26.08,high,low,7,spaceship,,,30/09/2026 13:03
4d593bbe-785b-484b-9e01-a3c2bf2d0293,communication.forum,available,30.2,30.2,high,low,13,cloudflare,,,03/10/2026 08:59
6ddd31d2-55e3-4643-ab3a-2110c4e1269a,communication.hair,available,1.99,17.29,high,low,13,namesilo,,,03/10/2026 08:59
f9fe712e-80ce-4a31-b071-851c2d9010b0,telecom.vote,available,34.99,90.99,high,low,7,namesilo,,,30/09/2026 13:03
3fdd363d-c158-4009-aff2-99cef90d4603,network.vision,resell,,,high,medium,7,Dynadot Inc,16/09/2018 12:36,16/09/2027 12:36,04/10/2026 12:16
368b23fb-50be-4fc6-9bc8-31e9d14402eb,network.wine,resell,,,high,medium,7,Dynadot Inc,14/06/2026 17:00,14/06/2027 17:00,04/10/2026 12:16
d11db40a-a84a-4d5e-9715-f0d9f4d0b375,telecom.sydney,available,42.2,42.2,high,low,7,dynadot,,,30/09/2026 13:03
3feba519-2428-4227-8477-cf6937b9f243,network.investments,resell,,,high,medium,7,"GoDaddy.com, LLC",02/01/2026 20:43,02/01/2027 20:43,04/10/2026 12:16
a1f1d83d-634d-4f7d-a742-65f1649e9462,communication.jewelry,available,50.2,50.2,high,low,13,cloudflare,,,03/10/2026 08:59
93b1d0c6-bdc4-493d-a149-f821ea8a944e,communication.pizza,available,5.38,51.95,high,low,13,spaceship,,,03/10/2026 08:59
ccc7ef1c-c0dc-4b51-b6d4-82348053f6b6,communication.soy,premium,86.77,86.77,high,low,13,porkbun,,,03/10/2026 08:59
e930e1f3-6e43-4afa-b699-21fe8d721759,telecom.dog,available,5.98,86.98,high,low,7,namecheap,,,30/09/2026 13:03
0dd2a0c6-ac09-4841-9199-5e19e66f1ec9,telecom.farm,available,30.2,30.2,high,low,7,cloudflare,,,30/09/2026 13:03
4bc8a00f-53f4-4e28-8c00-0fb8475bfe8e,telecom.fans,premium,51.95,103.7,high,low,7,spaceship,,,30/09/2026 13:03
0757e55c-7a56-42d6-8a03-83ca76b729d2,communication.furniture,available,20.9,82.76,high,low,13,spaceship,,,03/10/2026 08:59
4d39d58f-7e11-492b-8972-550b769e0d37,telecom.equipment,available,28.99,28.99,high,low,7,namesilo,,,30/09/2026 13:03
8cec0705-eb93-4b27-ab82-aa16ba364526,telecom.money,premium,102.67,102.67,high,low,7,spaceship,,,30/09/2026 13:03
d0528370-22e0-44c7-974d-96520d02eca3,telecom.attorney,premium,3105.2,3105.2,high,low,7,spaceship,,,30/09/2026 13:03
6fa15025-9afc-4892-882f-2f1b45d40bf6,telecom.doctor,available,14.49,116.99,high,low,7,namesilo,,,30/09/2026 13:03
16409fbe-5e6a-4f6d-a361-7cfe65ab6183,network.foo,premium,272.35,272.35,high,medium,7,porkbun,,,04/10/2026 12:16
a45c2e93-eb44-4e25-af35-fceea3ba4204,communication.agency,resell,,,high,low,13,"Sav.com, LLC - 15",02/01/2026 15:15,02/01/2027 15:15,03/10/2026 08:59
aacd723a-fd59-4f89-8fe8-ae8686ab8ba4,communication.im,resell,,,high,low,13,,,,25/09/2026 03:16
1842263e-b154-475d-afad-5217742731d4,telecom.bio,resell,9.99,,high,low,7,"Sav.com, LLC",03/02/2025 17:08,03/02/2026 17:08,30/09/2026 13:03
ddc7bbf7-3ec0-47b5-bb48-5f92385d2478,network.kaufen,available,5.57,24.83,high,medium,7,dynadot,,,04/10/2026 12:16
bc46385b-faf0-4583-83dd-591953129a8f,communication.sale,premium,102.67,102.67,high,low,13,spaceship,,,03/10/2026 08:59
1eeccf56-376e-41e6-87da-956827180e74,communication.vacations,available,38.99,38.99,high,low,13,namesilo,,,03/10/2026 08:59
a4591ea8-e3e1-4937-9e19-0c0694cba186,communication.study,premium,5458.82,5458.82,high,low,13,porkbun,,,03/10/2026 08:59
6a34b9b5-7b6e-493a-a6d1-21ba6755efdc,communication.tires,available,72.44,72.44,high,low,13,spaceship,,,03/10/2026 08:59
461738a9-fcca-40db-bda0-1ee2d3d64100,network.channel,premium,516.67,516.67,high,medium,7,spaceship,,,04/10/2026 12:16
4bc28d2c-09b4-4981-815d-64c70e437e8d,telecom.flights,available,31.41,46.86,high,low,7,porkbun,,,30/09/2026 13:03
ded91595-f84a-479b-aaee-dbaacffa48bb,communication.productions,available,10.5,32.29,high,low,13,unstoppable,,,03/10/2026 08:59
4c91532e-8012-4d88-a0d4-88c582ea5f84,telecom.careers,available,28.98,89.98,high,low,7,namecheap,,,30/09/2026 13:03
8f04dbf6-9ca0-481c-83bf-30062e904a6c,communication.love,resell,,,high,low,13,"Chengdu West Dimension Digital Technology Co., LTD",19/08/2026 05:39,19/08/2027 05:39,03/10/2026 08:59
589cf88e-4fe3-44f8-8f11-e401bb5d43f1,network.miami,premium,2000.5,18.83,high,medium,7,unstoppable,,,04/10/2026 12:16
44562f99-6b5c-46f1-aec8-112753bb000d,communication.trading,available,21.98,27.98,high,low,13,namecheap,,,03/10/2026 08:59
9a1167a4-7bfb-4ce9-be09-07b5732ebf2e,telecom.melbourne,available,58,58,high,low,7,namesilo,,,30/09/2026 13:03
d2f39cc5-5386-4b27-9da9-a1a4e74a3630,communication.date,premium,384,53.92,high,low,13,namesilo,,,03/10/2026 08:59
b23d9f60-38a3-4b60-a6bc-1206a535edfc,communication.education,available,34.99,34.99,high,low,13,namesilo,,,03/10/2026 08:59
a38eda38-7e89-4590-ac3b-a23df3088f63,telecom.ngo,available,15.2,15.2,high,low,7,cloudflare,,,30/09/2026 13:03
e1fae3ec-8d8c-40d0-8344-fc193f24d58d,telecom.dealer,premium,1692.6,2183.84,high,low,7,porkbun,,,30/09/2026 13:03
b82f14cf-12ed-437f-8eb8-874c98b1dcf5,network.blackfriday,available,103.7,103.7,high,medium,7,spaceship,,,04/10/2026 12:16
19cd43d5-a5c4-4348-b1c7-adc0f51709a7,telecom.kitchen,available,7.96,51.95,high,low,7,spaceship,,,30/09/2026 13:03
3d915073-57dd-49e5-80ad-900b97aec20f,communication.clinic,available,10.92,53.72,high,low,13,dynadot,,,03/10/2026 08:59
0e054636-c155-4374-b094-04fdd2db701a,telecom.me,premium,3528.51,16.47,high,low,7,spaceship,,,30/09/2026 13:03
8f3446b4-082c-4472-a1ff-cdc47303eef3,communication.phd,premium,164.77,164.77,high,low,13,spaceship,,,03/10/2026 08:59
36d42315-7a51-46f4-bb1e-757161037aad,telecom.miami,premium,104,23.4,high,low,7,namecheap,,,30/09/2026 13:03
ba0f041b-3053-4c3e-adc4-52235968d2b9,telecom.cab,available,32.99,32.99,high,low,7,namesilo,,,30/09/2026 13:03
d876cff8-528c-447d-8853-5170aa599870,telecom.love,resell,38.98,,high,low,7,namecheap,,,30/09/2026 13:03
799e5bd4-8839-4595-947d-5da1abf2f778,network.auto,available,1999.99,2199,high,medium,7,namesilo,,,04/10/2026 12:16
9cd7347c-c02e-4f7c-bad3-3b77794b8dff,telecom.schule,available,28.99,28.99,high,low,7,namesilo,,,30/09/2026 13:03
6c03d814-a2d8-420f-84bb-debe69e4d23e,communication.makeup,available,1.99,17.29,high,low,13,namesilo,,,03/10/2026 08:59
c461ce9d-611f-43af-b2c3-c3407a98974c,telecom.observer,premium,20.9,20.9,high,low,7,spaceship,,,30/09/2026 13:03
2a0d5868-ce51-4c8a-a009-7d3bed8661dc,telecom.apartments,available,57.99,57.99,high,low,7,namesilo,,,30/09/2026 13:03
9f5169ab-ac7a-4c91-9705-d376d3d203a8,telecom.irish,available,5.38,17.8,high,low,7,spaceship,,,30/09/2026 13:03
32b19f57-b831-4f54-a7a1-b13f851bc03a,network.apartments,available,45.74,45.74,high,medium,7,spaceship,,,04/10/2026 12:16
8db0c1fc-146d-46c6-ac35-f4f89339bc12,network.meme,premium,350.2,362.45,high,medium,7,unstoppable,,,04/10/2026 12:16
520bee41-e11a-4513-8a72-6bde18e3cb0a,telecom.green,premium,108.9,108.9,high,low,7,dynadot,,,30/09/2026 13:03
485b7882-254c-46ca-a8c3-532d36666637,telecom.ski,available,27.99,64.99,high,low,7,namesilo,,,30/09/2026 13:03
f99c6aa3-2e90-4a89-856a-3ce2899a6f97,network.dealer,premium,1604.45,2070.2,high,medium,7,spaceship,,,04/10/2026 12:16
54c0a572-2918-4f3f-9872-49cf950bb96c,communication.works,resell,,,high,low,13,"Sav.com, LLC",14/09/2017 08:15,14/09/2027 08:15,03/10/2026 08:59
4e98458f-e767-4563-ac61-ec801fef6d7e,telecom.rehab,available,29.18,29.18,high,low,7,spaceship,,,30/09/2026 13:03
0d8e78a5-e8d0-481d-8555-6badc54d28b3,telecom.berlin,available,54.67,54.67,high,low,7,dynadot,,,30/09/2026 13:03
fec654f9-e705-4155-a29b-d073a07c4d87,telecom.casino,available,6.41,129.58,high,low,7,spaceship,,,30/09/2026 13:03
022c5362-8102-42b5-8827-69a286b74ac9,network.market,premium,220,220,high,medium,7,dynadot,,,04/10/2026 12:16
8df1215b-5976-43ff-82a6-ebebfa162afb,telecom.rent,available,10.3,52.01,high,low,7,porkbun,,,30/09/2026 13:03
9ae0679b-a327-4651-ba25-df43b22cc43c,communication.id,resell,,,high,low,13,PT Core Mediatech,09/03/2016 17:29,09/03/2027 23:59,03/10/2026 08:59
752f3c88-0d86-4dfb-817f-1cc2c3100c8a,communication.cooking,available,26.97,26.97,high,low,13,dynadot,,,03/10/2026 08:59
6f95306d-68c6-4936-850b-12dd34a44f0c,network.esq,premium,709.01,709.01,high,medium,7,porkbun,,,04/10/2026 12:16
1eaf2209-b1f0-414a-9d7b-2cef6cb8f7a5,network.healthcare,premium,414.2,414.2,high,medium,7,spaceship,,,04/10/2026 12:16
63c8ba34-d20b-43bb-92b3-ba8f24c7be4c,telecom.press,premium,325,650,high,low,7,namecheap,,,30/09/2026 13:03
547fae99-5696-4827-85d0-241656e385f4,communication.kaufen,available,29.98,33.58,high,low,13,namecheap,,,03/10/2026 08:59
5166d8b9-21ab-471d-986e-c8307cf7119c,communication.fail,available,31.25,31.25,high,low,13,spaceship,,,03/10/2026 08:59
1c7d1ec5-1402-4d7c-834e-764346f8ec3e,telecom.blog,premium,650,2600,high,low,7,namecheap,,,30/09/2026 13:03
77fb8a44-c642-408d-aa04-bfe84003596d,telecom.adult,available,51.95,98.53,high,low,7,spaceship,,,30/09/2026 13:03
ea5ab15f-e5f6-4517-adad-d5d8c15a476e,telecom.gripe,available,5.2,5.2,high,low,7,cloudflare,,,30/09/2026 13:03
7249973c-b26d-40ae-91af-1ed4ec190ba6,communication.maison,available,57.99,57.99,high,low,13,namesilo,,,03/10/2026 08:59
a450ece1-b163-44f3-b452-234cb7d5a506,communication.flights,available,20.9,46.78,high,low,13,spaceship,,,03/10/2026 08:59
50ba61b3-b105-4a44-b837-8c19bcafa538,network.jewelry,available,50.2,50.2,high,medium,7,cloudflare,,,04/10/2026 12:16
e6e3bc60-14cc-43cf-a4c9-85e8b2c43134,communication.bet,available,13.5,35.98,high,low,13,unstoppable,,,03/10/2026 08:59
a1bea9c4-3c5f-4f2b-97c8-20a0905e2fd0,communication.boo,premium,129.2,133.72,high,low,13,unstoppable,,,03/10/2026 08:59
60588092-38c1-442f-a6cc-74fcc170534a,telecom.life,resell,,,high,low,7,"Chengdu West Dimension Digital Technology Co., Ltd.",18/03/2024 15:15,18/03/2027 15:15,30/09/2026 13:03
057347a3-2a6c-46cd-8fd2-eed5be9eaff8,network.cooking,available,26.26,26.26,high,medium,7,porkbun,,,04/10/2026 12:16
a78c2049-e878-4488-88a9-2706dfc39008,communication.boats,available,1.99,17.29,high,low,13,namesilo,,,03/10/2026 08:59
497d90ec-940a-4763-9ea9-f5f9024b892a,communication.hiv,available,191.75,191.75,high,low,13,dynadot,,,03/10/2026 08:59
60c4f0cc-8bba-453e-b1c3-8b215944b1f6,communication.moi,available,25.99,25.99,high,low,13,namesilo,,,03/10/2026 08:59
e320fe85-95ec-43c7-ae51-88c3b0c0fa51,network.beer,premium,41.6,26.08,high,medium,7,spaceship,,,04/10/2026 12:16
d4c7d67b-c887-4863-adfd-7dc28969c8d8,communication.one,premium,517.7,517.7,high,low,13,spaceship,,,03/10/2026 08:59
4a1a2a23-fd3d-424d-830c-3e3e52e2e6fd,telecom.pink,available,20.2,20.2,high,low,7,cloudflare,,,30/09/2026 13:03
8767b128-94fa-48d0-bb9e-55ef9caa73db,communication.toys,available,13.14,51.95,high,low,13,spaceship,,,03/10/2026 08:59
8c9bfed9-d315-4e3b-a712-d24af76c6c00,communication.direct,premium,54.36,108.6,high,low,13,porkbun,,,03/10/2026 08:59
fb90e735-e760-47fe-a429-5e0c4c09ef93,internet.online,premium,3250,13000,high,medium,8,namecheap,,,04/10/2026 16:54
c15d10a9-9238-4dae-8c5b-ba65c022018b,telecom.kim,resell,,,high,low,7,"DNSPod, Inc.",23/11/2020 13:47,23/11/2026 13:47,30/09/2026 13:03
4166ac57-5b2b-419d-b37a-af9663753cbb,communication.enterprises,available,8.48,28.15,high,low,13,spaceship,,,03/10/2026 08:59
dd008389-4d9a-4c0c-b052-48bc6e0e3a4b,network.broker,premium,5175.2,5175.2,high,medium,7,spaceship,,,04/10/2026 12:16
7eb54081-dacc-4cac-9c4b-e504b910e84b,telecom.moi,available,25.99,25.99,high,low,7,namesilo,,,30/09/2026 13:03
15d7366a-cac8-4716-8ecb-ceaca743257a,network.dentist,premium,242,242,high,medium,7,namesilo,,,04/10/2026 12:16
fda15535-4db1-432d-9929-f66fe3ed9bdf,communication.tech,premium,258.95,1035.2,high,low,13,spaceship,,,03/10/2026 08:59
690eba10-fa83-4985-8976-f285df7d2aa4,communication.eco,premium,3622.7,59.71,high,low,13,spaceship,,,03/10/2026 08:59
ae67064e-1096-44f6-84bc-c2f778cec09a,telecom.loan,premium,116,29.5,high,low,7,namesilo,,,30/09/2026 13:03
02998eb6-4eff-416a-9c20-954078064aba,telecom.osaka,available,32.98,41.98,high,low,7,namecheap,,,30/09/2026 13:03
f3ef24de-0165-4bc8-876a-a629c6661026,communication.vodka,available,25.2,25.2,high,low,13,cloudflare,,,03/10/2026 08:59
3400e83d-87ba-4c53-863b-6cecce2522d8,network.win,premium,362.45,51.95,high,medium,7,spaceship,,,04/10/2026 12:16
70864744-bad8-472b-a978-f8980f461788,communication.guide,premium,36.3,36.3,high,low,13,dynadot,,,03/10/2026 08:59
731cc9aa-ee2f-4d38-837e-d5113e6ac0fc,network.you,premium,517.7,517.7,high,medium,7,spaceship,,,04/10/2026 12:16
4a1dcb0d-a958-4454-baac-646fa4a62573,communication.skin,available,1.99,17.29,high,low,13,namesilo,,,03/10/2026 08:59
c1fe5c77-93c0-4769-a510-ff432fe9ac2a,network.courses,premium,116,116,high,medium,7,namesilo,,,04/10/2026 12:16
55a272f9-884c-48e6-aaaf-963e3d5db462,telecom.lawyer,premium,3900,3900,high,low,7,namecheap,,,30/09/2026 13:03
0cf3be91-9168-4282-8caf-6ff9a4ba0f4c,network.chat,resell,,,high,medium,7,"Spaceship, Inc.",06/09/2023 18:33,06/09/2027 18:33,04/10/2026 12:16
fbf165ed-f828-486c-9d19-c02fd5864452,communication.fit,resell,,,high,low,13,"Spaceship, Inc.",19/08/2026 00:01,19/08/2027 00:01,03/10/2026 08:59
717a33d4-95fe-4d33-a10c-a2d329e8344e,telecom.courses,available,1.54,31.41,high,low,7,porkbun,,,30/09/2026 13:03
933db2e4-f322-4e48-94a2-d20c2ba5e18c,communication.black,available,15.73,51.95,high,low,13,spaceship,,,03/10/2026 08:59
eb601243-43cb-48fe-a9af-15dd545edb98,telecom.plumbing,available,72.99,72.99,high,low,7,namesilo,,,30/09/2026 13:03
af9cbe5d-6e2e-4ae4-b2cd-f7ac544b396c,network.voyage,available,46.78,46.78,high,medium,7,spaceship,,,04/10/2026 12:16
4f34995b-fb32-4386-9ce2-99158f04343d,telecom.exposed,available,17.2,17.2,high,low,7,cloudflare,,,30/09/2026 13:03
6b75e234-4ddd-4a2d-b718-c849ee9af1be,telecom.ltda,available,30.18,30.18,high,low,7,dynadot,,,30/09/2026 13:03
284bdefa-1958-4962-884f-1cd62464c1db,communication.archi,available,13.14,83,high,low,13,spaceship,,,03/10/2026 08:59
18fd558e-ad85-4b55-81bb-edfd677d1389,communication.bid,premium,3450,116,high,low,13,namesilo,,,03/10/2026 08:59
a00d34bd-e7e8-48d1-be28-4ca8d9b97614,telecom.services,resell,,,high,low,7,,,,30/09/2026 13:03
3d439d56-0ecc-4eab-a163-646def7aba38,communication.xxx,available,53.72,101.87,high,low,13,dynadot,,,03/10/2026 08:59
e0c7ebd6-1816-44ee-93d2-408912bb5f22,communication.online,premium,1107,1107,high,low,13,namesilo,,,03/10/2026 08:59
a9120f30-8048-4a1d-96ba-08d0cbbebf77,communication.exposed,available,18.02,18.02,high,low,13,porkbun,,,03/10/2026 08:59
fb825171-5075-4313-9170-2700d43c3755,communication.audio,available,100.2,100.2,high,low,13,cloudflare,,,03/10/2026 08:59
4a3e4ab6-c0ed-4ea1-bb39-547cb8e6fc18,network.reisen,available,16.99,16.99,high,medium,7,porkbun,,,04/10/2026 12:16
9521af9f-3c2a-4700-8772-d4cf6e98bc9b,communication.world,resell,,,high,low,13,"Chengdu West Dimension Digital Technology Co., Ltd.",31/03/2017 12:07,31/03/2027 12:07,03/10/2026 08:59
1c8650fa-37e8-4d4a-86cb-2027d7157fc1,network.casino,resell,,,high,medium,7,Dynadot Inc,23/09/2026 22:27,23/09/2027 22:27,04/10/2026 12:16
143fd169-7991-4b90-a8e4-dad68d0b2b03,telecom.cn,resell,,,high,low,7,厦门易名科技股份有限公司,,,30/09/2026 13:03
4f1e6758-cfbd-487c-99a0-3391ea464005,network.us,resell,,,high,medium,7,"GoDaddy.com, LLC",24/04/2002 14:01,23/04/2027 23:59,04/10/2026 12:16
1a74b068-b48c-4547-aa21-a1863e4cd0c5,telecom.place,available,17.8,17.8,high,low,7,spaceship,,,30/09/2026 13:03
9c82567d-6bfc-4f87-b5ad-2fc831f28141,communication.uno,premium,1107,1107,high,low,13,namesilo,,,03/10/2026 08:59
cca7a8b6-878e-4b05-8b16-f99a1e240d82,network.gifts,available,36.99,36.99,high,medium,7,namesilo,,,04/10/2026 12:16
f5a5f64b-9c0d-40e7-a032-cc8fb2f372a2,network.photography,available,28.2,28.2,high,medium,7,cloudflare,,,04/10/2026 12:16
afc323c3-b81d-4387-8681-30fe8d42e18f,telecom.mba,available,10.55,31.25,high,low,7,spaceship,,,30/09/2026 13:03
989bd5dc-11d4-496d-a10c-a83af6627867,communication.marketing,premium,118.8,118.8,high,low,13,namesilo,,,03/10/2026 08:59
0c01c915-11f3-4504-8c18-64687825673e,telecom.gallery,available,28.99,28.99,high,low,7,namesilo,,,30/09/2026 13:03
70db4878-0a36-42ea-8156-b7f61310effa,communication.rent,available,1.18,51.95,high,low,13,spaceship,,,03/10/2026 08:59
a71d3580-e9a6-417d-bed3-f75344070fe1,telecom.credit,available,80.2,80.2,high,low,7,cloudflare,,,30/09/2026 13:03
7ccb8e09-de2c-45d2-8720-e558343c3cf8,communication.kim,available,12.99,23.49,high,low,13,namesilo,,,03/10/2026 08:59
b0ba0e38-1950-43c6-8858-d5af4a6c545a,network.college,premium,517.7,517.7,high,medium,7,spaceship,,,04/10/2026 12:16
08fba6bb-4ba1-498d-9d55-da1c82dcdd5e,network.training,resell,,,high,medium,7,"Spaceship, Inc.",15/12/2022 17:02,15/12/2026 17:02,04/10/2026 12:16
e2722c6e-e7d4-496f-a50b-30281a4e9d7e,network.prof,premium,843.7,843.7,high,medium,7,namecheap,,,04/10/2026 12:16
d09c4e5f-59fb-4bdc-9e8d-8a2c7c894bd0,communication.xyz,resell,,,high,low,13,"GoDaddy.com, LLC",02/06/2014 16:34,02/06/2027 23:59,03/10/2026 08:59
fc5769fb-63be-4dee-827d-b7977ee10601,telecom.florist,available,26.08,26.08,high,low,7,spaceship,,,30/09/2026 13:03
0f8d1962-1bec-446a-bfe8-93fe2010c21f,communication.baby,available,1.54,52.01,high,low,13,porkbun,,,03/10/2026 08:59
073c8b41-ed85-45a9-baab-245aa46bd87e,communication.accountant,premium,382.61,55.11,high,low,13,porkbun,,,03/10/2026 08:59
834a6ee7-c8b6-4e84-a921-c68d48e08298,telecom.industries,premium,118.8,118.8,high,low,7,namesilo,,,30/09/2026 13:03
2d03ddfe-7789-48ed-9ca6-86b4c0e5c846,internet.zone,resell,,,high,medium,8,"Sav.com, LLC - 25",16/09/2024 15:15,16/09/2027 15:15,04/10/2026 16:54
f6291b96-9433-44d9-8251-847dc895ee56,telecom.so,resell,,,high,low,7,Dynadot LLC,21/09/2022 09:00,21/09/2025 09:00,
16d4ded1-0ccf-4ead-bd32-d6c5a6217826,network.co,resell,,,high,medium,7,Hello Internet Corp.,25/02/2010 00:21,24/02/2027 23:59,04/10/2026 12:16
1549624a-9732-4225-8e03-e4f7546649ee,telecom.supplies,available,20.55,20.55,high,low,7,dynadot,,,30/09/2026 13:03
e7ae690a-e644-436f-bd34-20af28365106,communication.coupons,available,5.99,54.99,high,low,13,namesilo,,,03/10/2026 08:59
76e4adfb-317f-4ea8-95f9-df42b0c3e7d6,telecom.jetzt,available,23.99,23.99,high,low,7,namesilo,,,30/09/2026 13:03
1b872485-47df-4600-8fc6-04deb022dd17,telecom.site,premium,1293.95,5175.2,high,low,7,spaceship,,,30/09/2026 13:03
f96a2248-2b11-4143-ac7e-dc3a18f5373e,network.irish,available,17.2,17.2,high,medium,7,cloudflare,,,04/10/2026 12:16
3a821cba-9044-4d20-ac63-39a7e5b5e7f9,communication.rsvp,premium,141.35,141.35,high,low,13,porkbun,,,03/10/2026 08:59
b6385383-ebbb-4556-a3c4-78b5b2192dec,network.trade,resell,,,high,medium,7,"Spaceship, Inc.",29/07/2019 12:55,29/07/2027 12:55,04/10/2026 12:16
9e30a54d-8206-4d65-8434-2bc5648faf67,telecom.hamburg,available,69.98,73.98,high,low,7,namecheap,,,30/09/2026 13:03
868b49c0-557d-4ee3-be2e-ebcfea892ef2,network.eco,premium,3821.33,63.3,high,medium,7,porkbun,,,04/10/2026 12:16
e1020cd9-4c3f-4d76-8eea-479499db7289,telecom.coach,available,10.55,62.3,high,low,7,spaceship,,,30/09/2026 13:03
78697b4e-6449-45f8-9a2a-a1c94104cef5,telecom.giving,available,7.48,35.98,high,low,7,namecheap,,,30/09/2026 13:03
dddf3968-88b6-49cc-aea9-7d4281c77195,telecom.immo,available,34.99,34.99,high,low,7,namesilo,,,30/09/2026 13:03
07d24435-490f-46bc-bfd8-36d243be7eae,network.tube,premium,2200,21.62,high,medium,7,dynadot,,,04/10/2026 12:16
6a451d77-124e-487a-90c7-4a531a8aa3ae,communication.auction,available,38.98,46.98,high,low,13,namecheap,,,03/10/2026 08:59
3d43f704-dfb5-4366-90f7-b08ae53151f6,communication.memorial,available,40.2,40.2,high,low,13,cloudflare,,,03/10/2026 08:59
23ae8d29-e3d2-41c0-8929-5db0a5820d4e,communication.family,premium,99.5,118.8,high,low,13,unstoppable,,,03/10/2026 08:59
24c9c6f8-882d-4b22-a4a3-e4deccb24593,communication.cc,resell,,,high,low,13,"Global Domains International, Inc. DBA DomainCostClub.com",26/08/2010 16:31,26/08/2027 16:31,03/10/2026 08:59
b9f264b8-24d0-44d1-94b2-9770d6a02d36,telecom.mov,premium,133.72,133.72,high,low,7,spaceship,,,30/09/2026 13:03
7c0304c5-2fb7-469c-b8a7-773088f4fcf2,network.coupons,available,5.5,43.67,high,medium,7,unstoppable,,,04/10/2026 12:16
2da69bcf-188e-408b-8d52-923fec2ac81c,telecom.biz,resell,,,high,low,7,"GoDaddy.com, LLC",27/03/2002 03:34,26/03/2027 23:59,30/09/2026 13:03
01002fde-5d4f-40f6-9d11-348e9dfb9181,telecom.cars,available,2070,2950,high,low,7,namecheap,,,30/09/2026 13:03
c40f7e7b-fe80-4f0c-bd1e-85cf8c362023,telecom.hiv,available,184.9,184.9,high,low,7,spaceship,,,30/09/2026 13:03
aa254043-849e-4175-9a62-eb5dea73967e,telecom.webcam,available,10.53,10.53,high,low,7,spaceship,,,30/09/2026 13:03
a1587d3c-cef9-495c-81bf-e5116c7ea92b,telecom.memorial,available,40.2,40.2,high,low,7,cloudflare,,,30/09/2026 13:03
24fe6584-f167-486a-a3a1-00ba2caadb28,telecom.qpon,premium,550,21.94,high,low,7,dynadot,,,30/09/2026 13:03
78746115-1121-4d17-9907-f174a6b42777,telecom.kids,available,6.79,19.99,high,low,7,namesilo,,,30/09/2026 13:03
29c83a8c-3590-437b-b2bf-d6a8809c61e1,communication.fun,premium,647.08,2587.7,high,low,13,spaceship,,,03/10/2026 08:59
f81f9e27-0011-49f4-98c2-067135b4f882,communication.how,premium,40.57,40.57,high,low,13,spaceship,,,03/10/2026 08:59
4a20f123-ff04-4c1a-b441-4fa412694e16,communication.university,premium,118.8,118.8,high,low,13,namesilo,,,03/10/2026 08:59
5d619794-489a-4a51-81cc-efc0f395950c,network.land,resell,,,high,medium,7,"Global Domains International, Inc. DBA DomainCostClub.com",04/03/2026 15:15,04/03/2027 15:15,04/10/2026 12:16
1a944b59-6a70-42f8-8146-6c6bc9674e67,network.storage,available,465.95,500.2,high,medium,7,spaceship,,,04/10/2026 12:16
03cd5862-6237-4c4e-8750-cf1cd2f822da,telecom.actor,available,16.99,44.49,high,low,7,namesilo,,,30/09/2026 13:03
ace07ce8-0853-4986-b128-0c6d48f1cfd3,telecom.financial,available,15.73,46.78,high,low,7,spaceship,,,30/09/2026 13:03
5ab33072-0693-48db-ae5f-482c2954aa41,network.date,premium,384,53.92,high,medium,7,namesilo,,,04/10/2026 12:16
13e1fe1a-145b-46e6-810f-4257d48929c5,communication.country,available,2064.2,2064.2,high,low,13,spaceship,,,03/10/2026 08:59
3bff4f57-8b70-41c4-b17b-c3876a5d3012,network.download,premium,116,29.5,high,medium,7,namesilo,,,04/10/2026 12:16
c1c8aee1-939f-40cf-aea9-f0939b866e0d,communication.claims,available,17.99,64.99,high,low,13,namesilo,,,03/10/2026 08:59
cf9358e6-4ffc-4025-90bf-66cb8df76200,telecom.shop,premium,3125,,high,low,7,name.com,,,30/09/2026 13:03
fcfea595-22f6-4bab-822b-dd3e9b010856,communication.events,available,9.52,36.43,high,low,13,spaceship,,,03/10/2026 08:59
01114da8-6232-48f1-b0ec-1c499c6ef2f5,telecom.navy,available,41.99,41.99,high,low,7,namesilo,,,30/09/2026 13:03
d843bb08-cf86-4992-a6bc-7b7456198753,network.mov,premium,249.2,323.7,high,medium,7,unstoppable,,,04/10/2026 12:16
dbede6c7-330b-4cd7-a1dd-5c9b556afd93,telecom.download,premium,455,65,high,low,7,namecheap,,,30/09/2026 13:03
7f5c55b6-414d-466b-aae8-9e703badc27a,telecom.rentals,available,6.41,35.39,high,low,7,spaceship,,,30/09/2026 13:03
6464e597-6f80-422b-b16d-d1738954d32e,communication.army,available,10.81,31.41,high,low,13,porkbun,,,03/10/2026 08:59
174c2f2b-bb98-400e-8db8-4e0018e64c1e,telecom.maison,available,45.74,45.74,high,low,7,spaceship,,,30/09/2026 13:03
ec56eb84-8855-4d5b-8828-696ee7cfc242,communication.webcam,available,10.53,10.53,high,low,13,spaceship,,,03/10/2026 08:59
aab79072-a9bd-44cd-b262-49ab35da2c15,communication.accountants,available,117.99,117.99,high,low,13,namesilo,,,03/10/2026 08:59
0ffd812f-d12c-472f-b1ea-0712bca2d8bc,telecom.car,available,1863.2,2064.2,high,low,7,spaceship,,,30/09/2026 13:03
5a2fb02d-3664-4500-8ba1-031bcd23bea4,network.faith,premium,116,29.5,high,medium,7,namesilo,,,04/10/2026 12:16
9cdae536-6602-4eaa-b65d-4730fab9e886,network.voto,available,10.55,55.93,high,medium,7,spaceship,,,04/10/2026 12:16
58979e3b-67d1-4fdf-80ff-49a98031c2f8,network.diy,premium,640,640,high,medium,7,namesilo,,,04/10/2026 12:16
65149cd8-7a5e-403d-8756-ee86b5b45189,network.florist,available,32.99,32.99,high,medium,7,namesilo,,,04/10/2026 12:16
f7c0af81-eccb-4cb2-9b0e-eb56fdf49750,network.recipes,available,8.99,77.99,high,medium,7,namesilo,,,04/10/2026 12:16
217393a6-e53f-4301-9249-844d03a38f4d,communication.markets,available,5.98,26.98,high,low,13,namecheap,,,03/10/2026 08:59
9fc768e6-9107-4d2b-bc45-b7ad4c8a59fa,network.theatre,available,538.98,620,high,medium,7,namecheap,,,04/10/2026 12:16
f21542ba-5688-4562-be59-ffc0f356497f,telecom.plus,resell,,,high,low,7,"Global Domains International, Inc. DBA DomainCostClub.com",14/07/2026 15:16,14/07/2027 15:16,30/09/2026 13:03
99ec6c51-e004-4baf-9123-a83ac5db604f,communication.dad,premium,133.72,133.72,high,low,13,spaceship,,,03/10/2026 08:59
161f7ad8-827b-4408-8165-285d658aad88,communication.casino,available,14.99,159.99,high,low,13,namesilo,,,03/10/2026 08:59
ad130ce7-8a2a-47dd-bcf0-c13152215ed9,network.link,premium,3622.7,3622.7,high,medium,7,spaceship,,,04/10/2026 12:16
96fcb40a-273f-49e0-a14e-5d8a17396e07,communication.space,premium,812.5,3250,high,low,13,namecheap,,,03/10/2026 08:59
3ea30355-9939-4677-832d-7834b9deb8dc,telecom.vin,available,6.69,47.89,high,low,7,porkbun,,,30/09/2026 13:03
8361e31f-8cba-4e60-811c-387f2f34e7b2,communication.cab,available,26.08,26.08,high,low,13,spaceship,,,03/10/2026 08:59
1563afd9-8081-499d-89a4-8ef5f5d14dd9,communication.shiksha,available,14.99,51.99,high,low,13,namesilo,,,03/10/2026 08:59
173fb6fd-7809-438a-ba22-65a743850d20,communication.surgery,available,43.77,43.77,high,low,13,porkbun,,,03/10/2026 08:59
0b1b4354-24f0-4a73-9c37-904ae1cd8a5a,telecom.prof,premium,164.77,164.77,high,low,7,spaceship,,,30/09/2026 13:03
d6ee4731-df53-4963-8aa1-9d6eb6060b6b,telecom.lease,available,56.99,56.99,high,low,7,namesilo,,,30/09/2026 13:03
5a0a656b-db0a-441f-975b-6b64847124c8,network.fun,premium,3450,3450,high,medium,7,namesilo,,,04/10/2026 12:16
31e949d9-7b16-4807-b273-68799627df05,telecom.vet,premium,123.75,,high,low,7,name.com,,,30/09/2026 13:03
27d314bd-2fd7-49c2-b3db-02842e8a81d7,telecom.luxe,premium,2500,,high,low,7,name.com,,,30/09/2026 13:03
0e8af42b-f10b-43db-9743-17c8a2b54208,communication.melbourne,available,58,58,high,low,13,namesilo,,,03/10/2026 08:59
79f76852-aed6-441a-a6dd-68586b7d9143,network.kitchen,resell,,,high,medium,7,Hosting Concepts B.V. d/b/a Registrar.eu,16/12/2021 14:19,16/12/2026 14:19,04/10/2026 12:16
62638c1a-ff56-4ef2-8ebc-3442a94aca2b,network.tax,resell,,,high,medium,7,"DNSPod, Inc.",05/03/2022 13:15,05/03/2027 13:15,04/10/2026 12:16
501e73e0-f600-430e-827d-d1ebcd807586,network.spot,premium,550,550,high,medium,7,dynadot,,,04/10/2026 12:16
082c4164-d62c-4564-83cd-f5f352109dbd,telecom.hockey,available,46.2,46.2,high,low,7,cloudflare,,,30/09/2026 13:03
34e28b64-d393-4c17-85c5-03263125e9ad,network.reviews,premium,242,242,high,medium,7,namesilo,,,04/10/2026 12:16
039b173d-05c9-4218-b953-8084465686df,telecom.security,available,1863.2,2000.18,high,low,7,spaceship,,,30/09/2026 13:03
38ff4ee7-2ea9-4440-a165-7b9aba2918e3,internet.moi,premium,1107,1107,high,medium,8,namesilo,,,04/10/2026 16:54
b06008b8-d0bc-4d0e-8d0f-7c0c158b38b6,communication.lgbt,premium,640,640,high,low,13,namesilo,,,03/10/2026 08:59
4704deb0-b07d-441e-a8f6-0146c7b4249a,telecom.gives,available,6.41,22.39,high,low,7,spaceship,,,30/09/2026 13:03
b4a203f9-d2bd-4049-92c3-b1af12c0551a,telecom.help,premium,83.3,116,high,low,7,namesilo,,,30/09/2026 13:03
1b79279e-d045-4026-9f1f-0e6c17dc2251,telecom.forum,premium,103.7,103.7,high,low,7,spaceship,,,30/09/2026 13:03
36b03272-f7fe-4f07-a401-45ffcbf5319d,communication.tennis,available,65.99,65.99,high,low,13,namesilo,,,03/10/2026 08:59
8328baac-3c16-48c8-baed-49bcdf8c8135,telecom.realty,available,109.99,299,high,low,7,namesilo,,,30/09/2026 13:03
b2304bf9-1419-4d36-b974-b00fa594c5c8,network.doctor,resell,,,high,medium,7,"Spaceship, Inc.",28/07/2026 17:00,28/07/2027 17:00,04/10/2026 12:16
b46f1b69-f0c5-4320-ba33-ea3e29a89069,communication.diy,available,4.99,32.32,high,low,13,dynadot,,,03/10/2026 08:59
3d3fc34e-d9c1-42d4-8813-8c014cc9e634,network.mom,premium,845,845,high,medium,7,namecheap,,,04/10/2026 12:16
d7357f12-a403-46b4-b43f-d30f223962b6,network.cruises,available,44.71,44.71,high,medium,7,spaceship,,,04/10/2026 12:16
61ce1db0-91fe-44b7-a6e6-15cd24d088bb,telecom.claims,available,50.2,50.2,high,low,7,cloudflare,,,30/09/2026 13:03
8c1a3726-f10a-485a-86df-a37c64b94d67,telecom.direct,available,13.14,33.32,high,low,7,spaceship,,,30/09/2026 13:03
a920b6d6-561f-496e-a45c-0f03c8deb09e,communication.email,resell,,,high,low,13,"DNSPod, Inc.",17/04/2024 15:15,17/04/2027 15:15,03/10/2026 08:59
24e4d40f-e4de-4a63-a00c-58069db12ab4,communication.miami,premium,207.2,18.83,high,low,13,spaceship,,,03/10/2026 08:59
a840a52e-6820-4d09-a877-ae47693f0045,telecom.bargains,available,23.2,23.2,high,low,7,cloudflare,,,30/09/2026 13:03
a251685a-528b-4dec-918a-4cbb7b9d76cc,telecom.foundation,available,11.99,23.01,high,low,7,dynadot,,,30/09/2026 13:03
5bf5caa3-cf15-4ca0-8ce1-fd08aef2788b,telecom.cc,resell,,,high,low,7,"GoDaddy.com, LLC",13/06/2002 04:00,13/06/2027 04:00,30/09/2026 13:03
1426aa2e-9b55-43b1-9364-979f3a94cc9d,communication.photos,available,7.96,24.01,high,low,13,spaceship,,,03/10/2026 08:59
b4078dcf-1cec-4592-b248-d17f379f3ff3,communication.builders,available,28.15,28.15,high,low,13,spaceship,,,03/10/2026 08:59
287add90-7dcf-4d39-941a-172db2d5202e,communication.hospital,available,47.3,47.3,high,low,13,dynadot,,,03/10/2026 08:59
d409758b-8370-4bdb-afcb-bd4e583d13a8,communication.feedback,available,9.27,309.47,high,low,13,porkbun,,,03/10/2026 08:59
99afc6a5-3b84-4fb4-9379-40f787f64071,telecom.garden,available,2.19,32.49,high,low,7,namesilo,,,30/09/2026 13:03
335e9191-bf44-4c0d-9995-c5b2d4140da0,telecom.boo,premium,133.72,133.72,high,low,7,spaceship,,,30/09/2026 13:03
0d2d0711-ba75-4f39-b31a-1c64be2c5e1c,communication.food,available,4.98,48.98,high,low,13,namecheap,,,03/10/2026 08:59
92047202-bbb5-4659-852d-d56ef635743a,communication.tv,resell,,,high,low,13,Dynadot Inc,18/03/2010 21:31,18/03/2027 21:31,03/10/2026 08:59
b82b227c-e4f6-4196-869c-5560fb77b733,telecom.broker,available,28.2,28.2,high,low,7,cloudflare,,,30/09/2026 13:03
9c563820-da07-4e83-8ef5-20e945f66cf4,communication.horse,available,26.08,26.08,high,low,13,spaceship,,,03/10/2026 08:59
175a8ac8-ca54-4421-8daa-0dfd3b8bdc17,communication.bz,available,21.98,26.98,high,low,13,namecheap,,,03/10/2026 08:59
c10f0041-3c26-415a-a581-a9e67e1e94ab,network.love,premium,4347.2,6210.2,high,medium,7,spaceship,,,04/10/2026 12:16
c175865c-1838-4773-a07a-1370a1f04cda,network.services,resell,,,high,medium,7,NameWeb BVBA,21/06/2015 16:00,21/06/2027 16:00,04/10/2026 12:16
30f3aa80-30b9-492e-bdaa-2109cae65295,communication.gallery,available,29.98,36.98,high,low,13,namecheap,,,03/10/2026 08:59
5271a2ed-06b2-4aee-bd92-0926a89e446e,telecom.studio,resell,,,high,low,7,"Chengdu West Dimension Digital Technology Co., Ltd.",01/03/2017 14:02,01/03/2027 14:02,30/09/2026 13:03
f2bc1fe0-6baa-4a23-ae61-575ffe911b45,communication.mx,available,36.64,42.52,high,low,13,dynadot,,,03/10/2026 08:59
8dcc73a2-b792-4943-b78c-1a22a4fcdfd7,communication.software,premium,414.2,414.2,high,low,13,spaceship,,,03/10/2026 08:59
f53ef8ed-c67d-4326-ab79-7af2b723ed83,network.dog,premium,440,440,high,medium,7,dynadot,,,04/10/2026 12:16
1d8a70ee-8b28-4e5b-afbe-90d0e7f991e2,telecom.srl,available,31.99,31.99,high,low,7,namesilo,,,30/09/2026 13:03
c9a14075-99dd-42e0-9b6e-a1b466ceb818,network.deal,premium,517.7,517.7,high,medium,7,spaceship,,,04/10/2026 12:16
059c60ab-205b-4db9-979b-3693068d05e6,telecom.faith,premium,362.45,51.95,high,low,7,spaceship,,,30/09/2026 13:03
c792cb0f-7093-403c-9620-9bd5d8d959cb,telecom.wine,available,9.99,59.99,high,low,7,namesilo,,,30/09/2026 13:03
c72fd5c6-6627-4fae-b8dc-2476faa7b002,network.viajes,available,37.67,37.67,high,medium,7,dynadot,,,04/10/2026 12:16
596b0727-1cd6-426b-bd0e-28745fd7bd19,communication.esq,premium,164.77,164.77,high,low,13,spaceship,,,03/10/2026 08:59
d25595e5-2f45-4fa3-a540-c214273132ef,telecom.blackfriday,available,103.7,103.7,high,low,7,spaceship,,,30/09/2026 13:03
32cbb689-10e8-468e-a576-319218e0f184,communication.news,premium,650,1300,high,low,13,namecheap,,,03/10/2026 08:59
035a3969-618d-47fa-8e8e-5834599ecb38,communication.legal,available,57.13,57.13,high,low,13,spaceship,,,03/10/2026 08:59
eb9c7c56-b754-4934-8164-4baabef36237,telecom.shoes,available,50.2,50.2,high,low,7,cloudflare,,,30/09/2026 13:03
993122a4-b037-43d4-927d-39bc7d057480,communication.moda,available,43.98,45.98,high,low,13,namecheap,,,03/10/2026 08:59
4ddc5e5c-33a2-42e5-a899-e617c8f182b1,communication.estate,available,6.41,31.25,high,low,13,spaceship,,,03/10/2026 08:59
fed44bc8-6fa2-448b-8455-aa00a47c6904,telecom.ryukyu,available,17.98,22.98,high,low,7,namecheap,,,30/09/2026 13:03
9a3db526-69ef-4333-8f78-c9cb5b7b709b,communication.trade,premium,448,53.92,high,low,13,namesilo,,,03/10/2026 08:59
237923cb-9f71-4fd4-a8dc-189fa41cc332,telecom.cafe,available,7.25,51.99,high,low,7,namesilo,,,30/09/2026 13:03
25954c8a-5dea-4034-b9b1-65093bdc6b35,network.attorney,premium,3105.2,3105.2,high,medium,7,spaceship,,,04/10/2026 12:16
47ea6035-34c8-4a4c-b5a6-18c646597775,telecom.holiday,available,64.99,64.99,high,low,7,namesilo,,,30/09/2026 13:03
937a4e0d-b3cc-4cf3-97d0-fd32ddfaa02b,network.cam,premium,1552.7,14.69,high,medium,7,spaceship,,,04/10/2026 12:16
42f45c77-f796-455e-8099-634c930ca3b7,communication.foo,premium,76.7,76.7,high,low,13,namecheap,,,03/10/2026 08:59
edaada67-3490-42f7-bb29-2cd212e0117d,telecom.solar,available,67.98,81.98,high,low,7,namecheap,,,30/09/2026 13:03
8aee1534-5a54-465d-b9e2-6809e94fe482,network.free,premium,550,550,high,medium,7,dynadot,,,04/10/2026 12:16
7653b7b2-2c53-4cfd-ae31-1b3e7972a32a,telecom.earth,available,18.99,18.99,high,low,7,namesilo,,,30/09/2026 13:03
513262ea-3f40-42fd-840e-ffaeee9a04af,network.srl,available,31.99,31.99,high,medium,7,namesilo,,,04/10/2026 12:16
72c07ca4-a2f9-4ad7-934e-30472c86f960,communication.football,available,25.99,25.99,high,low,13,namesilo,,,03/10/2026 08:59
05a37eef-85bb-496d-99ac-fd13fc4f5561,communication.page,premium,167.7,167.7,high,low,13,namecheap,,,03/10/2026 08:59
d6eae859-3a7f-4b49-81a2-863ac51c544d,telecom.limo,available,54.99,54.99,high,low,7,namesilo,,,30/09/2026 13:03
842ce038-9a4c-4305-b574-67f89acb8a3c,internet.sbs,resell,,,high,medium,8,Dynadot Inc,15/06/2021 09:55,15/06/2027 23:59,04/10/2026 16:54
6a31fd34-80d0-42d0-b054-36fc998ab581,telecom.poker,available,10.99,67.99,high,low,7,namesilo,,,30/09/2026 13:03
a7d4db78-abee-4497-8b8a-e6afc3dffae3,communication.jetzt,available,18.2,18.2,high,low,13,cloudflare,,,03/10/2026 08:59
a0c7f523-11e8-4c81-8082-56c2e7314415,communication.tours,available,48.2,48.2,high,low,13,cloudflare,,,03/10/2026 08:59
dfa6cac9-75ef-4d15-b09b-6f2229483ee7,telecom.events,available,10.48,57.98,high,low,7,namecheap,,,30/09/2026 13:03
b90972c7-a27f-4e1e-b880-989e5a20fa5e,communication.racing,premium,116,116,high,low,13,namesilo,,,03/10/2026 08:59
d7db15ee-3ac1-442c-ae81-868c0e56bd23,network.fyi,resell,,,high,medium,7,"Sav.com, LLC - 13",21/09/2025 15:15,21/09/2027 15:15,04/10/2026 12:16
788454c2-3fe6-4d58-9d7b-de5791d33eb0,network.zip,premium,257.92,257.92,high,medium,7,spaceship,,,04/10/2026 12:16
f1ce86d0-597e-49dd-8f7d-5aa136a5cd65,telecom.accountant,premium,437.5,,high,low,7,name.com,,,30/09/2026 13:03
6ad2ce41-226a-4f80-9888-815a3cb1eccf,telecom.restaurant,available,13.06,53.72,high,low,7,dynadot,,,30/09/2026 13:03
7b17a3a7-a145-4525-a447-5783c89792b6,telecom.style,available,16.99,38.99,high,low,7,namesilo,,,30/09/2026 13:03
a1fb8bb4-2f07-40f6-becf-bd5bbd7dbbb8,network.ryukyu,available,17.98,22.98,high,medium,7,namecheap,,,04/10/2026 12:16
8084de72-50b6-40bf-adf1-ce2091df0e0b,telecom.phd,premium,164.77,164.77,high,low,7,spaceship,,,30/09/2026 13:03
1e747bdd-0041-47fb-991d-6f9e47d95a25,telecom.blue,available,12.87,20.08,high,low,7,porkbun,,,30/09/2026 13:03
d554f69f-6892-49dc-a6b3-a54ca56876f3,communication.dating,available,11.59,51.95,high,low,13,spaceship,,,03/10/2026 08:59
62dfcfba-bced-43df-87b0-f023d29e24df,internet.dad,premium,,,high,medium,8,,,,04/10/2026 16:54
e4e36eb9-7685-4ac1-89ea-15576ce65e79,internet.love,premium,3057.17,4367.16,high,medium,8,porkbun,,,04/10/2026 16:54
4bed60cd-f51b-4f00-98fc-c6f246882f17,network.trading,resell,,,high,medium,7,Dynadot Inc,01/08/2026 17:00,01/08/2027 17:00,04/10/2026 12:16
cd29b2f4-2ade-4ff0-8fc3-71b9a2b9b3fb,telecom.enterprises,available,8.48,28.15,high,low,7,spaceship,,,30/09/2026 13:03
e506a148-91df-4ea9-8d0b-25c89eb4e516,telecom.energy,available,5.38,93.35,high,low,7,spaceship,,,30/09/2026 13:03
6c4a1baa-791e-4c8c-bdb9-5dc061f67193,network.review,premium,5458.82,109.69,high,medium,7,porkbun,,,04/10/2026 12:16
becb06d3-4a65-4ca3-910b-81a034037b01,internet.trade,resell,,,high,medium,8,Dynadot Inc,15/12/2014 13:28,14/12/2026 23:59,04/10/2026 16:54
3baa016f-6c17-4549-843c-a54ee7d84b0c,communication.game,available,300.2,300.2,high,low,13,cloudflare,,,03/10/2026 08:59
6ab71889-6a43-42bf-aacc-9526c8325908,internet.supplies,premium,78.54,78.54,high,medium,8,namesilo,,,04/10/2026 16:54
2dfbfd76-516f-4e41-8412-757389fde617,network.pw,resell,,,high,medium,7,"Chengdu West Dimension Digital Technology Co., Ltd.",26/01/2024 17:18,26/01/2027 23:59,04/10/2026 12:16
6f127a0d-87fb-4c01-9165-256b978210ab,telecom.voto,available,10.55,55.93,high,low,7,spaceship,,,30/09/2026 13:03
f7e343f5-4d00-4d84-9306-47dc64a3ba7f,internet.store,premium,6900,6900,high,medium,8,namesilo,,,04/10/2026 16:54
4907be18-9a62-4185-b1fe-079604661f3f,communication.style,premium,66.5,85.8,high,low,13,unstoppable,,,03/10/2026 08:59
293f846b-a0a6-488f-ab9f-303ea5fc1030,telecom.dad,premium,167.7,167.7,high,low,7,namecheap,,,30/09/2026 13:03
1f472b23-dd64-4747-89d1-b1e370cbd6e4,network.hot,premium,640,640,high,medium,7,namesilo,,,04/10/2026 12:16
27164782-d90f-4bd5-b58d-17ed8f74d3a6,telecom.hot,premium,103.7,103.7,high,low,7,spaceship,,,30/09/2026 13:03
d01224b7-6de1-4f80-8aa6-b0c532bd97ee,network.clinic,premium,118.8,118.8,high,medium,7,namesilo,,,04/10/2026 12:16
fb8929e6-1b60-40d6-8a79-71e95c3020df,communication.forsale,premium,99.5,102.67,high,low,13,unstoppable,,,03/10/2026 08:59
875d6bc5-1407-48f0-98ad-ff975c54bb70,communication.digital,resell,,,high,low,13,"Sav.com, LLC - 32",24/09/2025 15:15,24/09/2027 15:15,03/10/2026 08:59
7c87f2bb-7bc2-47ea-8bc7-5fad78c07631,communication.luxury,available,26.26,26.26,high,low,13,porkbun,,,03/10/2026 08:59
e329fa3e-e4d9-4659-be91-07b8d1d4aebc,telecom.party,resell,,,high,low,7,Dynadot Inc,22/07/2016 14:20,21/07/2027 23:59,30/09/2026 13:03
51c0c163-f260-41f0-a235-0ae86b646c5f,communication.biz,resell,,,high,low,13,"GoDaddy.com, LLC",23/05/2006 17:01,22/05/2027 23:59,03/10/2026 08:59
e33c2677-80d8-4fd9-9a76-803c2bc384d6,network.guitars,available,104.99,114.99,high,medium,7,namesilo,,,04/10/2026 12:16
3fdad726-5940-4fba-b45a-e5ba30f780e4,communication.build,premium,325,325,high,low,13,namecheap,,,03/10/2026 08:59
68d1c089-1da6-4f55-9031-2e1924b43130,telecom.gold,available,9.99,99.99,high,low,7,namesilo,,,30/09/2026 13:03
36c1f968-07b7-47b9-9a99-a8253220270e,telecom.you,premium,51.95,51.95,high,low,7,spaceship,,,30/09/2026 13:03
1b193f47-7042-454c-81b6-5972ae2130ff,network.study,premium,116,116,high,medium,7,namesilo,,,04/10/2026 12:16
404042c4-2adb-4995-9da5-5cd32014c77e,communication.watch,available,5.99,44.49,high,low,13,namesilo,,,03/10/2026 08:59
43abb94a-9fb6-4cd3-9fb2-e43a1dcf01d4,network.farm,resell,,,high,medium,7,"Global Domains International, Inc. DBA DomainCostClub.com",29/11/2022 09:54,29/11/2026 09:54,04/10/2026 12:16
6b391e1a-1bda-41bf-aa44-46565b9a93ed,network.vana,available,2140.22,2140.22,high,medium,7,dynadot,,,04/10/2026 12:16
aaf9ed09-2fcd-499a-9365-2271ecc9e219,telecom.soy,premium,328.9,328.9,high,low,7,dynadot,,,30/09/2026 13:03
f7130e0f-d676-446f-9f8f-66985e2f9107,telecom.xxx,premium,256.88,256.88,high,low,7,spaceship,,,30/09/2026 13:03
4adf2771-c726-4f7a-a9d3-bfec093b4577,telecom.link,premium,1995,1995,high,low,7,namesilo,,,30/09/2026 13:03
d48f9e84-88e4-44cc-afb7-70c498d9b541,internet.cars,available,1999.99,2199,high,medium,8,namesilo,,,04/10/2026 16:54
a69c4742-e014-4100-b749-5c80a60e7084,telecom.pictures,available,12.62,12.62,high,low,7,spaceship,,,30/09/2026 13:03
b2c02b48-a3be-46e4-87b4-696628350655,communication.poker,available,10.99,67.99,high,low,13,namesilo,,,03/10/2026 08:59
5b77786d-5910-42ba-8489-c5985771715e,internet.bot,premium,5175.2,5175.2,high,medium,8,spaceship,,,04/10/2026 16:54
b9f7991c-6998-4d5e-a3b7-aba5c005f7a6,network.pink,available,14.49,25.99,high,medium,7,namesilo,,,04/10/2026 12:16
10df06cb-0c2d-498f-ba8d-1f3fc166a988,communication.properties,available,14.17,31.25,high,low,13,spaceship,,,03/10/2026 08:59
51201f47-53d0-4dd3-8728-208c96a767c2,network.london,premium,5826.92,28.02,high,medium,7,dynadot,,,04/10/2026 12:16
5dc04c7a-b291-4c34-bf93-26d0a841b704,telecom.vana,available,2070.2,2070.2,high,low,7,spaceship,,,30/09/2026 13:03
ddef42e4-23eb-46a2-b7b4-221bbc8bd9a2,network.observer,premium,854,854,high,medium,7,namesilo,,,04/10/2026 12:16
5eda6a09-7759-492c-a11f-841a0c11f385,communication.vet,available,41.99,41.99,high,low,13,namesilo,,,03/10/2026 08:59
52e9b0b1-2d1d-4ba7-8b21-80e0b321f530,telecom.porn,available,69.98,154.98,high,low,7,namecheap,,,30/09/2026 13:03
ac6d0fbc-967e-44bb-a504-7f559fc461d8,communication.town,available,8.99,36.49,high,low,13,namesilo,,,03/10/2026 08:59
fb8f9925-fb92-429b-a86c-785799f88f2d,telecom.page,premium,133.72,133.72,high,low,7,spaceship,,,30/09/2026 13:03
556ef378-9cf5-4594-bbae-0f5fae98c8d8,telecom.news,premium,1107,1107,high,low,7,namesilo,,,30/09/2026 13:03
7da96848-373b-4da9-96c2-f6e4a2089a0e,telecom.camera,available,58.99,58.99,high,low,7,namesilo,,,30/09/2026 13:03
05524b1a-6e29-4f30-8b70-eba4ff8cba38,communication.deals,available,39.99,39.99,high,low,13,namesilo,,,03/10/2026 08:59
60973b63-2174-47ce-99b1-a72c73e036af,communication.porn,available,95.2,95.2,high,low,13,cloudflare,,,03/10/2026 08:59
deba5fa5-3460-45d2-9860-280de04600f6,telecom.talk,premium,71.4,71.4,high,low,7,namesilo,,,30/09/2026 13:03
96dbfa90-56e2-48d6-8bc0-09ae707735ad,communication.us,resell,,,high,low,13,Porkbun,24/04/2002 14:02,23/04/2027 23:59,03/10/2026 08:59
9f9e070b-62ed-4b37-af1f-5ce7fe3f2bc8,communication.party,premium,517.7,67.48,high,low,13,spaceship,,,03/10/2026 08:59
04ae2ddd-4382-4a66-939e-c290fd169fc0,communication.rodeo,available,12.99,12.99,high,low,13,namesilo,,,03/10/2026 08:59
64254228-871c-44dc-a6dd-c1117e6d77a1,communication.motorcycles,available,1.54,14.21,high,low,13,porkbun,,,03/10/2026 08:59
e5eac5fe-a483-4aa0-883c-76f151e17c8a,communication.click,resell,,,high,low,13,"Dynadot, LLC",04/08/2020 00:44,04/08/2027 00:44,03/10/2026 08:59
ab70887f-f941-4675-b7b7-7c216e6661fa,network.schule,available,28.99,28.99,high,medium,7,namesilo,,,04/10/2026 12:16
ca4bb873-64da-473a-a594-18956fb2b281,telecom.travel,available,27.99,149.99,high,low,7,namesilo,,,30/09/2026 13:03
e60b3873-7626-49e9-af69-37401a037c88,telecom.rodeo,premium,250,,high,low,7,name.com,,,30/09/2026 13:03
d5dbf14f-d587-44e8-b4a2-3be1b25fad54,telecom.movie,available,47.99,349.99,high,low,7,namesilo,,,30/09/2026 13:03
14810baa-b44e-454e-adb2-26cfcd7b8d86,telecom.tires,available,72.44,72.44,high,low,7,spaceship,,,30/09/2026 13:03
4b7ede71-7d21-493c-932a-ff85a9d9fb3f,telecom.clothing,available,26.08,26.08,high,low,7,spaceship,,,30/09/2026 13:03
1a6b24a7-673e-4198-b127-c49a45185c51,telecom.baby,available,17.99,54.99,high,low,7,namesilo,,,30/09/2026 13:03
562c4dd1-7cd3-4a14-a3f8-6c637d3626ec,telecom.skin,available,1.24,13.97,high,low,7,spaceship,,,30/09/2026 13:03
af9b2d67-e1aa-4ae6-9be8-9d1139a9ab04,network.reise,available,27.89,97.99,high,medium,7,namesilo,,,04/10/2026 12:16
3807c076-9d4b-46c5-9ce3-5f881d62621f,network.tienda,available,47.81,47.81,high,medium,7,spaceship,,,04/10/2026 12:16
678e9132-56d2-481c-b9de-382add855e4f,internet.church,resell,,,high,medium,8,"Key-Systems, LLC",07/12/2015 21:26,07/12/2026 21:26,04/10/2026 16:54
10b3d77b-e27c-4f82-9ea0-5928fa2ca19d,communication.soccer,available,25.99,25.99,high,low,13,namesilo,,,03/10/2026 08:59
788395b4-55fd-4a0b-aa8b-99dea0354228,communication.spot,premium,116,116,high,low,13,namesilo,,,03/10/2026 08:59
5811e1b1-1479-4fa6-b05a-6ce36075cadb,network.mortgage,premium,218.8,437.19,high,medium,7,porkbun,,,04/10/2026 12:16
283ea675-5075-4dd0-9257-b298b2934926,network.black,resell,,,high,medium,7,"Xiamen ChinaSource Internet Service Co., Ltd",20/12/2025 15:15,20/12/2026 15:15,04/10/2026 12:16
943c8024-c306-45ae-b630-e286a2a888a7,network.llc,premium,3450,3450,high,medium,7,namesilo,,,04/10/2026 12:16
37c6b867-b0b0-4832-a9d5-8c05e6319d8c,telecom.sex,available,101.87,101.87,high,low,7,dynadot,,,30/09/2026 13:03
d25cbd0e-b7cf-4e3f-a95b-162e5a3edb8e,telecom.tv,resell,,,high,low,7,"Chengdu West Dimension Digital Technology Co., Ltd.",20/12/2014 11:06,20/12/2026 11:06,30/09/2026 13:03
63dda080-0884-4516-8778-963c64f13191,internet.condos,available,61.98,72.98,high,medium,8,namecheap,,,04/10/2026 16:54
29b82b02-7b8f-4707-b88a-7e4085c9109e,internet.buzz,premium,2183.84,328.02,high,medium,8,porkbun,,,04/10/2026 16:54
352d47b7-2db1-4f52-9cc6-e075315f704c,telecom.menu,available,27.99,27.99,high,low,7,namesilo,,,30/09/2026 13:03
f5f885c1-3f39-44ba-a1c0-b69327feb49f,communication.shop,premium,2750,2750,high,low,13,dynadot,,,03/10/2026 08:59
a1d500f1-60f2-4c6e-88a1-0feea93cab32,communication.tax,available,14.99,67.49,high,low,13,namesilo,,,03/10/2026 08:59
32b07601-d23a-4d7f-b7a9-2218ca6cdd38,communication.social,premium,78.54,78.54,high,low,13,namesilo,,,03/10/2026 08:59
0a6df9d8-d662-42c9-8095-1837b0bc09da,communication.christmas,available,1.24,31.16,high,low,13,spaceship,,,03/10/2026 08:59
805d4317-6027-461c-a029-191decbdd790,communication.show,available,34.2,34.2,high,low,13,cloudflare,,,03/10/2026 08:59
3dc97eaa-a353-4bc4-afc4-49a86d278355,communication.plumbing,available,72.99,72.99,high,low,13,namesilo,,,03/10/2026 08:59
c6bec3bd-7658-4d1f-9d2b-c8d5452641f6,telecom.vacations,available,38.99,38.99,high,low,7,namesilo,,,30/09/2026 13:03
b002b10a-ad4b-48f6-af04-48b9c2203d12,telecom.music,premium,75.9,39.81,high,low,7,dynadot,,,30/09/2026 13:03
e1a5479c-d389-4acb-96ec-e3451458769b,communication.market,premium,207.2,207.2,high,low,13,spaceship,,,03/10/2026 08:59
cd7f7107-64d8-4747-83f3-8f805825ce19,communication.creditcard,available,144.99,144.99,high,low,13,namesilo,,,03/10/2026 08:59
30e7d289-dd8b-44dd-848e-5ce2d9d23a8d,telecom.buzz,premium,109.69,55.11,high,low,7,porkbun,,,30/09/2026 13:03
8c54ab4f-c0bc-4995-bd0d-2936d228e6b4,telecom.college,available,10.5,53.72,high,low,7,dynadot,,,30/09/2026 13:03
e884d7ef-4cd4-44b7-92a8-f3bb1d923a2d,network.fan,premium,220,220,high,medium,7,dynadot,,,04/10/2026 12:16
3c48dd7a-8c95-46d5-a4fd-0661ea911cfe,internet.market,premium,1040,1040,high,medium,8,namecheap,,,04/10/2026 16:54
5468caf4-f249-4af8-a8d9-a224cf74049d,internet.phd,premium,843.7,843.7,high,medium,8,namecheap,,,04/10/2026 16:54
0318339d-0a2d-4506-b16a-d4192d50033f,network.catering,available,38.99,38.99,high,medium,7,namesilo,,,04/10/2026 12:16
b5026195-0ba3-42b7-aa59-ff2070f9b92a,network.republican,available,7.49,28.99,high,medium,7,namesilo,,,04/10/2026 12:16
d5091269-31c6-49be-893c-75a4b6d0af4e,network.lifestyle,premium,546.35,546.35,high,medium,7,porkbun,,,04/10/2026 12:16
45d483c5-299f-4c08-b6fb-3f5595107272,telecom.photos,available,15.99,29.99,high,low,7,namesilo,,,30/09/2026 13:03
3d8b8f30-7995-4cce-a38b-42a1b1c27a1c,communication.win,premium,385,55,high,low,13,dynadot,,,03/10/2026 08:59
0ef5350b-219a-4361-898b-eda80425a71a,communication.rocks,available,17.2,17.2,high,low,13,cloudflare,,,03/10/2026 08:59
7116ceb8-6b1e-4bf9-953e-5bb987cf9d11,internet.fail,resell,,,high,medium,8,"Sav.com, LLC - 13",29/09/2026 15:15,29/09/2027 15:15,04/10/2026 16:54
adaebb16-8059-4bf6-8fe9-8a28c7fe292c,communication.bayern,available,34.99,34.99,high,low,13,namesilo,,,03/10/2026 08:59
1de0e180-9ce4-469b-bf89-d61ccb1e41eb,network.surf,premium,520,32.5,high,medium,7,namecheap,,,04/10/2026 12:16
21de701b-7a7d-4f03-9668-214c670be97c,internet.blue,resell,,,high,medium,8,Porkbun LLC,10/07/2024 17:00,10/07/2027 17:00,04/10/2026 16:54
b996bb9f-0dfe-48f3-b844-21998b06a92a,communication.holiday,available,50.2,50.2,high,low,13,cloudflare,,,03/10/2026 08:59
f22be3b7-5982-456e-968f-452666d3da15,telecom.build,premium,546.35,546.35,high,low,7,porkbun,,,30/09/2026 13:03
60f6e9b1-dd4a-4d83-a2fa-516e8edf5830,telecom.xyz,resell,,,high,low,7,"Spaceship, Inc.",02/06/2014 18:24,02/06/2027 23:59,30/09/2026 13:03
816c1fbb-da4a-4b92-9b1c-8cf42546bdb5,communication.theatre,available,509.99,529.99,high,low,13,namesilo,,,03/10/2026 08:59
b58db086-0520-45e4-8648-6f5b4ec14434,network.camera,resell,,,high,medium,7,"GoDaddy.com, LLC",17/06/2015 16:00,17/06/2027 16:00,04/10/2026 12:16
21521560-5d20-46a6-8a5d-617099aebe52,internet.sucks,premium,10917.11,2182.75,high,medium,8,porkbun,,,04/10/2026 16:54
4e43c671-4e49-43a4-b18f-a56037a86131,telecom.show,available,18.99,44.49,high,low,7,namesilo,,,30/09/2026 13:03
9aaf1cba-76b2-46dd-befb-1965f4094e91,internet.theatre,available,538.98,620,high,medium,8,namecheap,,,04/10/2026 16:54
1fcbaaab-2990-4ac9-acca-471f5915de8b,communication.reisen,available,16.76,16.76,high,low,13,spaceship,,,03/10/2026 08:59
b04bf3cb-2633-456c-89ea-f53bca45dbcd,telecom.democrat,available,7.25,32.99,high,low,7,namesilo,,,30/09/2026 13:03
10187d13-5a30-45ee-9002-fcbe7fea81a3,internet.skin,premium,2660,2660,high,medium,8,namesilo,,,04/10/2026 16:54
daf343c3-523d-4c62-b062-a2166bcebbcc,telecom.pizza,available,17.99,64.99,high,low,7,namesilo,,,30/09/2026 13:03
c264436c-5dfc-4f74-97da-882eea0909a8,communication.republican,available,7.49,28.99,high,low,13,namesilo,,,03/10/2026 08:59
e665a878-26b0-453f-8d63-0e85a703d1c0,telecom.cyou,premium,310.7,621.2,high,low,7,spaceship,,,30/09/2026 13:03
ef09f3f7-d164-40d5-b39b-534ab60b82b8,network.directory,premium,54.36,108.6,high,medium,7,porkbun,,,04/10/2026 12:16
a6f91052-7f80-4418-9a8a-a4f9d34c40f5,telecom.photography,available,28.2,28.2,high,low,7,cloudflare,,,30/09/2026 13:03
0f84f194-57ff-4273-8f65-0ba1ec796313,network.shiksha,premium,2070.2,2070.2,high,medium,7,spaceship,,,04/10/2026 12:16
307d6b68-99df-4bfb-a450-28f1bed0f196,communication.insure,available,76.98,91.98,high,low,13,namecheap,,,03/10/2026 08:59
3be51f62-b272-4e4f-923a-531b2fa217f7,network.toys,premium,440,440,high,medium,7,dynadot,,,04/10/2026 12:16
235e0002-cbad-4834-84aa-fbc1c67c5553,telecom.builders,available,28.15,28.15,high,low,7,spaceship,,,30/09/2026 13:03
e2cecb4c-c6ac-4ed8-846a-813593ec99e3,communication.realty,available,88.18,289.16,high,low,13,spaceship,,,03/10/2026 08:59
87cd545f-d759-4a42-837f-d7c902ac8ba0,internet.foundation,resell,,,high,medium,8,"GoDaddy.com, LLC",01/07/2025 17:07,01/07/2027 17:07,04/10/2026 16:54
79c9a37e-10d7-4fbc-b8d7-ed6c5e81597b,communication.fans,premium,51.95,103.7,high,low,13,spaceship,,,03/10/2026 08:59
cafd2e14-4d94-4e77-bb03-499679ccef01,internet.futbol,premium,242,242,high,medium,8,namesilo,,,04/10/2026 16:54
e69a7f4b-6e37-4657-a04e-b17e450d107b,telecom.theatre,available,509.99,529.99,high,low,7,namesilo,,,30/09/2026 13:03
07d048e3-e49f-4034-a0fd-cf81c45189a2,telecom.education,resell,,,high,low,7,"Network Solutions, LLC",31/03/2014 18:00,31/03/2027 18:00,30/09/2026 13:03
268d7ce3-29cf-4177-bf7e-7649f5e3959b,telecom.fashion,available,26.08,26.08,high,low,7,spaceship,,,30/09/2026 13:03
b81ea70a-7660-4d4d-a2aa-26e9b9600287,network.click,resell,,,high,medium,7,"Spaceship, Inc.",05/07/2020 10:39,05/07/2027 10:39,04/10/2026 12:16
38b07143-b0ef-43b9-acca-ec8b22e2a8c3,internet.finance,resell,,,high,medium,8,"GoDaddy.com, LLC",04/09/2015 22:32,04/09/2027 22:32,04/10/2026 16:54
ae52e3df-615d-4f8c-9ac9-dd831118c6ed,network.rest,premium,230.4,230.4,high,medium,7,namesilo,,,04/10/2026 12:16
eb1752c3-a3fe-44fe-87aa-e6a9c55652c5,telecom.new,available,488.98,601.98,high,low,7,namecheap,,,30/09/2026 13:03
bb41a67e-af1a-44e9-a2b8-cbefd518ce0f,communication.blue,available,19.99,24.99,high,low,13,namesilo,,,03/10/2026 08:59
8d3b32e5-ba7d-460e-8a47-d331bbbe2e15,telecom.moda,available,32.2,32.2,high,low,7,cloudflare,,,30/09/2026 13:03
dc074416-6a9e-4ff7-83f3-beab0ec4217e,telecom.university,available,62.99,62.99,high,low,7,namesilo,,,30/09/2026 13:03
b9302ded-493f-42cd-8fe1-e7dab87c34ab,communication.dog,available,50.2,50.2,high,low,13,cloudflare,,,03/10/2026 08:59
e79dbfbd-43dd-497a-bc8d-acfaa1db0db6,internet.solar,resell,,,high,medium,8,"GoDaddy.com, LLC",06/11/2025 15:15,06/11/2027 15:15,04/10/2026 16:54
29d4caea-787b-4dd9-97f1-4aed6ef53af0,communication.gripe,available,5.2,5.2,high,low,13,cloudflare,,,03/10/2026 08:59
f28c882d-24ca-4153-921e-246c265373e0,telecom.bar,premium,230.4,230.4,high,low,7,namesilo,,,30/09/2026 13:03
5a404ba9-ee5a-4eac-a1b5-6bd9aeea2e13,communication.bar,available,2.57,52.01,high,low,13,porkbun,,,03/10/2026 08:59
de54a62c-8609-43c7-91da-d219a75b5d96,internet.auto,available,1999.99,2199,high,medium,8,namesilo,,,04/10/2026 16:54
3d1891a4-9906-4f22-9c6d-127a6aea079c,internet.film,premium,1107,1107,high,medium,8,namesilo,,,04/10/2026 16:54
9161fcaa-8719-4a8a-b07b-ef7506dadd87,telecom.reise,available,75.2,75.2,high,low,7,cloudflare,,,30/09/2026 13:03
244e0c77-9317-4f00-840b-e9265c6b3868,telecom.fun,premium,129.58,517.7,high,low,7,spaceship,,,30/09/2026 13:03
58085b85-e21b-4b07-a8a1-b6c3fabc3eb9,telecom.diamonds,available,45.16,45.16,high,low,7,dynadot,,,30/09/2026 13:03
766e6991-e47e-484e-a68d-87dec94579fe,telecom.hosting,available,300.2,300.2,high,low,7,cloudflare,,,30/09/2026 13:03
3b4b0e39-786f-4da0-8c3f-94054d149d58,communication.technology,available,12.99,28.49,high,low,13,namesilo,,,03/10/2026 08:59
aea477b8-c256-4492-80fc-c8c0caf8c23a,telecom.vision,available,35.2,35.2,high,low,7,cloudflare,,,30/09/2026 13:03
a1277d90-0cd1-4698-97bb-89052fc7a435,network.taxi,resell,,,high,medium,7,Dynadot Inc,13/05/2026 17:00,13/05/2027 17:00,04/10/2026 12:16
9cdb7f98-9861-4a7e-b6a9-e9889c4eb839,telecom.men,premium,437.5,,high,low,7,name.com,,,30/09/2026 13:03
16c62a23-7bb2-426f-aac0-9688dff67b96,communication.charity,available,14.99,23.99,high,low,13,namesilo,,,03/10/2026 08:59
5865a595-516f-4c4f-b87d-287668b7a0ee,communication.fund,premium,242,242,high,low,13,namesilo,,,03/10/2026 08:59
ded90d8a-2dea-4de2-ac2b-886c4f2442a7,communication.hiphop,available,23.99,23.99,high,low,13,namesilo,,,03/10/2026 08:59
e696025f-ab43-4f87-a3fb-e828d928c01c,communication.foundation,premium,38.94,38.94,high,low,13,namesilo,,,03/10/2026 08:59
50f2614c-ac85-471c-ad73-40c9faf27ac1,communication.vana,available,2070.2,2070.2,high,low,13,spaceship,,,03/10/2026 08:59
cc298724-dbf6-408d-90e6-96414125c83c,telecom.church,available,6.64,48.37,high,low,7,dynadot,,,30/09/2026 13:03
21e0f262-a577-4f07-be12-4c31f144e850,internet.watch,resell,,,high,medium,8,"Spaceship, Inc.",19/07/2025 14:45,19/07/2027 14:45,04/10/2026 16:54
6527d00a-173c-4bc1-8892-e128881eff08,communication.airforce,available,103.99,103.99,high,low,13,namesilo,,,03/10/2026 08:59
551b54ff-aebe-4cac-a793-beae0ba8cd91,network.food,premium,362.45,517.7,high,medium,7,spaceship,,,04/10/2026 12:16
ee9a7dbc-337a-44be-a03d-f0785a8d01b1,communication.car,available,1863.2,2064.2,high,low,13,spaceship,,,03/10/2026 08:59
9092b550-2b6c-440f-85c8-a8100b083bd0,telecom.guitars,available,107.22,107.22,high,low,7,dynadot,,,30/09/2026 13:03
c6438916-23a9-4804-acf8-96a72ac269b8,telecom.tienda,available,59.99,59.99,high,low,7,namesilo,,,30/09/2026 13:03
fdfec891-de5a-448c-bc99-6b4e20f44c34,communication.day,premium,133.72,133.72,high,low,13,spaceship,,,03/10/2026 08:59
29574b0c-a65a-4900-bbe9-fabd50cd48cb,telecom.diet,available,104.99,114.99,high,low,7,namesilo,,,30/09/2026 13:03
da9ad10a-ed81-4c34-9006-513113c5438a,internet.clothing,resell,,,high,medium,8,"Sav.com, LLC",27/06/2026 13:17,27/06/2027 13:17,04/10/2026 16:54
c6c891f9-2bfc-4304-9ad7-a9c2b1d24680,communication.tienda,available,5.57,49.44,high,low,13,dynadot,,,03/10/2026 08:59
d7e02813-4238-413f-8187-a1ab2e75becd,internet.immo,premium,218.8,437.19,high,medium,8,porkbun,,,04/10/2026 16:54
fc32df90-7540-4122-a54b-2d862701d9fa,communication.graphics,available,23.99,23.99,high,low,13,namesilo,,,03/10/2026 08:59
74678501-5d9d-43d9-bb3d-213edf945ccb,network.game,premium,1345.7,1345.7,high,medium,7,spaceship,,,04/10/2026 12:16
e24945da-3507-45e5-a804-a387a3a633a6,internet.vc,resell,,,high,medium,8,Dynadot Inc,02/12/2020 01:11,02/12/2026 01:11,04/10/2026 16:54
899c8055-a3f8-4e67-b78f-6fd5093cd31d,network.gives,premium,68.51,68.51,high,medium,7,spaceship,,,04/10/2026 12:16
2a0c281f-9ab3-4bdb-8433-aae80cd857e9,telecom.vegas,available,12.99,43.99,high,low,7,namesilo,,,30/09/2026 13:03
29f46335-c3fb-4bfb-b34a-7956a360301f,network.top,premium,246.1,246.1,high,medium,7,dynadot,,,04/10/2026 12:16
f46999cf-9068-4ab6-a01a-9a0767e47c91,communication.shopping,available,26.99,26.99,high,low,13,namesilo,,,03/10/2026 08:59
664b3f01-d039-4728-a862-eb1cc9e1ec8f,telecom.toys,available,13.14,51.95,high,low,7,spaceship,,,30/09/2026 13:03
bd5ed275-5615-4610-8587-e9040819a4dd,network.deals,premium,34.36,34.36,high,medium,7,spaceship,,,04/10/2026 12:16
7347414a-da74-4efd-a135-df6f9e5d9793,network.paris,available,66.98,66.98,high,medium,7,namecheap,,,04/10/2026 12:16
3a5597b6-0f93-4ab2-9fd3-c4cfeb2e178f,communication.dance,available,16.99,27.49,high,low,13,namesilo,,,03/10/2026 08:59
383a1d68-29e0-4b01-8c0f-4410b7280dc5,communication.solar,available,50.2,50.2,high,low,13,cloudflare,,,03/10/2026 08:59
f58db21f-dddf-4233-adfd-8202d157d207,telecom.market,premium,520,520,high,low,7,namecheap,,,30/09/2026 13:03
b3c6a370-f4a1-41b9-a883-a319eb8941d7,communication.bingo,available,53.99,53.99,high,low,13,namesilo,,,03/10/2026 08:59
7d1a8c1c-fc54-4e48-8215-d1f3f7741a64,internet.partners,premium,,,high,medium,8,,,,04/10/2026 16:54
28956cd6-153b-4eda-a737-d84b62ade2fb,telecom.win,premium,437.5,,high,low,7,name.com,,,30/09/2026 13:03
e793fecc-6504-4e98-a3a4-375b97a3ec94,network.live,resell,,,high,medium,7,"GoDaddy.com, LLC",24/04/2020 21:11,24/04/2027 21:11,04/10/2026 12:16
2027ee37-f293-4e7d-82aa-cad41b29bb11,network.christmas,available,31.41,31.41,high,medium,7,porkbun,,,04/10/2026 12:16
7fa9430c-84fa-40d5-9d16-3e2128ae9b71,communication.degree,premium,62.3,62.3,high,low,13,spaceship,,,03/10/2026 08:59
c0b4f242-2f90-4f8a-9520-fd27ab616355,communication.haus,available,14.99,33.99,high,low,13,namesilo,,,03/10/2026 08:59
37f4b1a4-2912-49e6-9670-7d672ccfae72,internet.rodeo,premium,880,10.92,high,medium,8,dynadot,,,04/10/2026 16:54
b0cc379e-0a67-452b-b4f8-1ea9bf2db1c5,communication.finance,resell,,,high,low,13,Dynadot Inc,13/05/2026 17:00,13/05/2027 17:00,03/10/2026 08:59
576eb201-e1be-417a-825e-c5b25d781563,communication.ac,available,34.99,47.99,high,low,13,namesilo,,,03/10/2026 08:59
509b3b2b-b5be-406a-adc3-405fe8b54625,internet.gripe,premium,68.51,68.51,high,medium,8,spaceship,,,04/10/2026 16:54
41f0867e-33a6-4090-9926-7c16d032238c,telecom.mx,resell,,,high,low,7,Dynadot Inc,02/09/2010 00:00,01/09/2027 00:00,30/09/2026 13:03
447e31a6-5ebf-4f9b-a989-a2d503905ad1,communication.fish,available,36.43,36.43,high,low,13,spaceship,,,03/10/2026 08:59
1a8d8987-3258-42d9-8931-bc8e7454de8a,telecom.ninja,resell,,,high,low,7,"GoDaddy.com, LLC",14/06/2014 05:21,14/06/2027 05:21,30/09/2026 13:03
4b33018a-83d9-4dae-9bc5-9bf24cb998b4,telecom.lighting,available,22.98,31.98,high,low,7,namecheap,,,30/09/2026 13:03
2e1f2c47-778b-468a-b2fc-a6d9629bfc03,telecom.bayern,available,34.99,34.99,high,low,7,namesilo,,,30/09/2026 13:03
53d8e3f2-fb3e-4dc9-a375-3570c383a2d9,telecom.technology,resell,,,high,low,7,"Spaceship, Inc.",23/02/2026 08:58,23/02/2027 08:58,30/09/2026 13:03
db829d1b-7507-4d82-acf6-ece082ae626e,communication.cyou,premium,68.43,147.2,high,low,13,namesilo,,,03/10/2026 08:59
55d396fb-64c0-474f-b0ac-9a5e4a559d82,telecom.click,premium,72.65,103.7,high,low,7,spaceship,,,30/09/2026 13:03
f778c575-a53e-4a36-b105-bf253db63ee7,communication.cruises,available,44.71,44.71,high,low,13,spaceship,,,03/10/2026 08:59
c0bed885-b604-4e5e-b443-6a6984f903a5,telecom.gratis,available,18.2,18.2,high,low,7,cloudflare,,,30/09/2026 13:03
23cc2764-3b06-499d-b00c-242ba7f01b39,communication.security,available,1999.99,2049.99,high,low,13,namesilo,,,03/10/2026 08:59
a2cfa18c-1880-4f97-81bf-eae283eb3d51,telecom.dev,premium,811.25,811.25,high,low,7,name.com,,,30/09/2026 13:03
822d0657-58e7-46ac-afa4-68421a73e0d8,internet.cfd,resell,,,high,medium,8,"Global Domains International, Inc. DBA DomainCostClub.com",29/09/2025 18:42,29/09/2027 23:59,04/10/2026 16:54
c183b0c2-daaa-4609-97a1-0977025ddd40,communication.diet,available,104.99,114.99,high,low,13,namesilo,,,03/10/2026 08:59
9a7b1517-4c70-4237-9c99-913914c698a8,telecom.deal,premium,116,116,high,low,7,namesilo,,,30/09/2026 13:03
7c5a62ec-c58a-4892-a222-f9ab75f0cc5d,telecom.beer,available,2.19,32.49,high,low,7,namesilo,,,30/09/2026 13:03
5436fed1-24cb-4aad-9063-9539f57086c7,telecom.organic,available,17.99,85.99,high,low,7,namesilo,,,30/09/2026 13:03
e5ee4713-db41-402e-8640-583f0380c8bc,communication.ing,premium,350.2,455,high,low,13,unstoppable,,,03/10/2026 08:59
4aa7ab62-1ca6-42cf-b8e2-416625fd7256,internet.immobilien,premium,437.29,873.85,high,medium,8,porkbun,,,04/10/2026 16:54
8d56a869-5e9f-4617-846f-56f4d57275e9,communication.prof,premium,164.77,164.77,high,low,13,spaceship,,,03/10/2026 08:59
f4138d5f-985f-4530-9ee0-24dc3275f85c,communication.engineer,premium,1107,1107,high,low,13,namesilo,,,03/10/2026 08:59
a47b3582-0efc-41b3-aaaf-ecff792d5843,internet.hamburg,resell,,,high,medium,8,,20/04/2016 14:44,20/04/2027 14:44,04/10/2026 16:54
71787a02-532e-4dcf-9c8e-4f55b27ced20,internet.kaufen,premium,54.36,108.6,high,medium,8,porkbun,,,04/10/2026 16:54
9370fcbb-71f6-4022-bc7e-cfad8fc20dc3,internet.holiday,resell,,,high,medium,8,"Sav.com, LLC",18/08/2026 17:02,18/08/2027 17:02,04/10/2026 16:54
6212aa7c-a6e0-4943-9959-448f1fce1356,telecom.dental,available,81.98,100.98,high,low,7,namecheap,,,30/09/2026 13:03
c68f948e-f3e5-4c11-b6be-a9450e47d3fd,communication.sex,available,52.01,98.35,high,low,13,porkbun,,,03/10/2026 08:59
a939647b-13c5-4702-b447-a70d5a9b2186,internet.blog,premium,517.7,2070.2,high,medium,8,spaceship,,,04/10/2026 16:54
39b23f41-117a-4f0a-8007-5f657a17c309,communication.gold,resell,,,high,low,13,"DNSPod, Inc.",02/07/2023 15:15,02/07/2027 15:15,03/10/2026 08:59
2c69f7c4-d79d-4cb5-a83e-5380c41a9cfe,communication.rehab,available,29.18,29.18,high,low,13,spaceship,,,03/10/2026 08:59
069cc8fa-6aba-4278-8f6a-c8f199c59847,communication.wedding,available,26.08,26.08,high,low,13,spaceship,,,03/10/2026 08:59
f7d2efc1-4d1f-4e07-8f3b-ebafc353a1ca,telecom.cat,available,26.98,38.98,high,low,7,namecheap,,,30/09/2026 13:03
a702454f-eab9-4a6c-ac69-83cea0d072b5,communication.info,resell,,,high,low,13,"Spaceship, Inc.",13/08/2020 14:30,13/08/2027 14:30,03/10/2026 08:59
6f6cd490-0010-4655-b4ae-26a6f77b5832,internet.boutique,resell,,,high,medium,8,"GoDaddy.com, LLC",27/04/2014 20:58,27/04/2027 20:58,04/10/2026 16:54
204bf75f-20c5-4932-8a4c-410f6c32e2f3,telecom.black,available,27.99,64.99,high,low,7,namesilo,,,30/09/2026 13:03
6a5d61be-f4d4-484b-a9bd-c814cfb9d845,internet.so,resell,,,high,medium,8,NameCheap,28/04/2011 00:00,28/04/2026 00:00,
64415f56-3b12-4dc9-8089-b4c3fc3910c5,telecom.recipes,available,8.99,77.99,high,low,7,namesilo,,,30/09/2026 13:03
0e771436-81aa-4432-8b5d-b98bfbabac7a,telecom.cool,available,5.38,36.43,high,low,7,spaceship,,,30/09/2026 13:03
62ce4bbc-977f-4c57-96c0-6af70b3bdd49,telecom.us,resell,,,high,low,7,"GoDaddy.com, LLC",24/04/2002 14:04,23/04/2027 23:59,30/09/2026 13:03
17a2fba0-6474-4d25-8015-f2efcd42522c,communication.courses,premium,6900,6900,high,low,13,namesilo,,,03/10/2026 08:59
f072f435-97ec-43df-8154-4add9b1219ce,communication.camera,available,46.78,46.78,high,low,13,spaceship,,,03/10/2026 08:59
0b5c9d68-684b-489a-873f-87dedfb90810,communication.supply,available,20.9,20.9,high,low,13,spaceship,,,03/10/2026 08:59
2eb19879-8490-4ed2-b367-e40f78b2bf62,telecom.mortgage,available,48.2,48.2,high,low,7,cloudflare,,,30/09/2026 13:03
65b7214a-fb15-429e-82d0-99eff9e2dffc,telecom.condos,available,45.2,45.2,high,low,7,cloudflare,,,30/09/2026 13:03
1975240c-f37d-4934-a9ca-5c36969c2212,internet.rich,available,94.99,1999,high,medium,8,namesilo,,,04/10/2026 16:54
356d6ca3-ee83-43a8-98e9-aa5b01539a51,communication.sarl,available,5.38,5.38,high,low,13,spaceship,,,03/10/2026 08:59
70736ca6-b38c-4e3a-beef-7a53d2d9ff57,internet.gift,resell,,,high,medium,8,"NameSilo, LLC",25/11/2018 21:27,25/11/2026 21:27,04/10/2026 16:54
5c266280-b15b-4722-a9f3-789d92c8a9c8,communication.college,premium,13800,13800,high,low,13,namesilo,,,03/10/2026 08:59
0918abb9-f678-4925-a0e9-1e9294dcac83,communication.systems,premium,512,512,high,low,13,namesilo,,,03/10/2026 08:59
b9046f98-1d44-4186-aa9c-68243206d46d,communication.top,resell,,,high,low,13,烟台帝思普网络科技有限公司,21/04/2017 18:01,21/04/2027 18:01,03/10/2026 08:59
b77214e8-c094-4991-b20c-eead8a11a50e,telecom.rich,available,94.99,1999,high,low,7,namesilo,,,30/09/2026 13:03
e1427a96-7126-43c0-84cb-7441b0f159e6,networks.net,resell,,,high,low,8,"NameCheap, Inc.",14/06/1994 04:00,13/06/2027 04:00,26/09/2026 07:45
9b7f9943-ebcf-4c00-9293-ed964e1baa4a,communication.kiwi,available,31.98,35.68,high,low,13,namecheap,,,03/10/2026 08:59
c0351a8d-6bd3-4926-91c6-549efe6904b3,telecom.desi,available,19.98,22.98,high,low,7,namecheap,,,30/09/2026 13:03
69c41d66-586a-4cde-ba52-21b13dd899ad,internet.productions,resell,,,high,medium,8,Porkbun LLC,26/08/2016 07:30,26/08/2027 07:30,04/10/2026 16:54
2d10d23a-18e5-4cd6-9a89-0cd9d31ad7dc,communication.cricket,premium,362.45,51.95,high,low,13,spaceship,,,03/10/2026 08:59
4f910e87-f467-4120-972b-a598834568d5,communication.zip,premium,76.7,76.7,high,low,13,namecheap,,,03/10/2026 08:59
a0942550-1d7b-4b7d-b09c-69643de4a40e,telecom.boston,premium,44.19,20.18,high,low,7,porkbun,,,30/09/2026 13:03
1f3101d2-8366-406a-83d2-c18963d004c2,telecom.dentist,available,65.99,65.99,high,low,7,namesilo,,,30/09/2026 13:03
41f06aa1-26f7-4234-8439-e3545a41b323,communication.limo,available,42.2,42.2,high,low,13,cloudflare,,,03/10/2026 08:59
6e54e856-1b1c-45f7-b745-47d1a2a7153f,communication.lat,available,1.24,26.08,high,low,13,spaceship,,,03/10/2026 08:59
65047205-dd24-4ece-9bcf-67eb9f341fc8,communication.bike,available,12,38.99,high,low,13,unstoppable,,,03/10/2026 08:59
129c4bdb-52f1-49b3-81c0-54f020af8780,communication.photo,available,26.26,26.26,high,low,13,porkbun,,,03/10/2026 08:59
f6e0d90d-34f3-4177-b5a3-cd4fd370f846,internet.cooking,resell,,,high,medium,8,"GoDaddy.com, LLC",17/01/2026 17:12,17/01/2027 17:12,04/10/2026 16:54
4c1a38b9-d942-479b-9073-b8fe279ed9ed,communication.academy,resell,,,high,low,13,"GoDaddy.com, LLC",16/03/2014 17:38,16/03/2028 17:38,03/10/2026 08:59
c7fed22a-d8a1-4787-be59-787be48df614,telecom.diy,premium,1107,1107,high,low,7,namesilo,,,30/09/2026 13:03
1ca7a028-fe2d-458c-a843-0796ca140ea0,communication.construction,available,31.25,31.25,high,low,13,spaceship,,,03/10/2026 08:59
fe449d31-6f0f-42b6-b4b2-5961852f9056,telecom.homes,resell,,,high,low,7,Dynadot Inc,01/07/2026 14:32,01/07/2027 23:59,30/09/2026 13:03
bd1bca50-5697-445d-86d1-430ad75d881e,communication.capital,available,10.99,71.99,high,low,13,namesilo,,,03/10/2026 08:59
f2bbaca0-28fd-48cd-b5ac-fddeca6ff730,telecom.food,premium,724.7,1035.2,high,low,7,spaceship,,,30/09/2026 13:03
68c073b3-349b-4681-9350-954a675f045a,internet.nexus,premium,133.72,133.72,high,medium,8,spaceship,,,04/10/2026 16:54
4d480932-c1ac-4516-b60e-707ac099d22a,communication.schule,available,29.98,32.98,high,low,13,namecheap,,,03/10/2026 08:59
d92308bf-4646-4d4e-97de-1d5f93e62b07,internet.supply,resell,,,high,medium,8,"Global Domains International, Inc. DBA DomainCostClub.com",27/02/2026 15:15,27/02/2027 15:15,04/10/2026 16:54
ed59ee96-c70f-434f-9416-c8f3335e34f1,communication.loan,premium,362.45,51.95,high,low,13,spaceship,,,03/10/2026 08:59
82049c37-2a24-47d1-860c-09c840a887e0,communication.computer,available,18.02,31.41,high,low,13,porkbun,,,03/10/2026 08:59
b99b8be0-ddb9-4918-b4da-dd4839cf13ba,communication.movie,available,37.67,289.12,high,low,13,dynadot,,,03/10/2026 08:59
e9f6fee7-f4f5-4ee7-983c-d01c05bad73b,internet.lease,resell,,,high,medium,8,"Global Domains International, Inc. DBA DomainCostClub.com",29/03/2026 15:15,29/03/2027 15:15,04/10/2026 16:54
75700bfb-ff69-4a65-8cf0-f9f8d2b05e75,communication.lighting,available,18.83,18.83,high,low,13,spaceship,,,03/10/2026 08:59
6777de31-b915-4fbb-a6ec-353bac76ff56,internet.tax,resell,,,high,medium,8,"Chengdu West Dimension Digital Technology Co., Ltd.",08/02/2023 17:01,08/02/2027 17:01,04/10/2026 16:54
6071dcca-fc61-4e67-bc99-dbea6c013205,communication.mov,premium,61.27,61.27,high,low,13,spaceship,,,03/10/2026 08:59
9b2e7849-808a-4a92-93c1-4c450097fab6,internet.vin,premium,220,220,high,medium,8,dynadot,,,04/10/2026 16:54
b2cdc101-81c3-46b4-8d15-3bc76241ea29,communication.lawyer,available,49.88,49.88,high,low,13,spaceship,,,03/10/2026 08:59
0d718318-acd2-4953-85b4-88a406596349,telecom.locker,available,6.88,37.99,high,low,7,namesilo,,,30/09/2026 13:03
7cfeea30-423e-40b8-b194-663b6d99c6c1,telecom.bet,available,9.58,20.91,high,low,7,porkbun,,,30/09/2026 13:03
8a82f202-e28d-40bf-a7a4-edbac1df5bc2,communication.management,resell,,,high,low,13,"Sav.com, LLC - 17",01/01/2026 15:15,01/01/2027 15:15,03/10/2026 08:59
ccb9b05e-ca74-4ca2-9d23-30ed043d1472,telecom.tattoo,available,1.75,31.25,high,low,7,spaceship,,,30/09/2026 13:03
ea6f3fd7-bf00-4d9b-9b21-419141a1374c,internet.gmbh,resell,,,high,medium,8,"GoDaddy.com, LLC",18/03/2026 17:49,18/03/2027 17:49,04/10/2026 16:54
8798abfe-cef8-469d-a6ad-e7b32b31cf76,communication.rest,available,2.19,28.99,high,low,13,namesilo,,,03/10/2026 08:59
38f8ed39-e9ce-41a8-a264-9d81e350559c,communication.talk,premium,71.4,71.4,high,low,13,namesilo,,,03/10/2026 08:59
fd662446-ff5e-455c-aca4-1a257e06a0d0,telecom.airforce,available,103.99,103.99,high,low,7,namesilo,,,30/09/2026 13:03
977d4765-48cd-4891-a683-3f0605e92022,telecom.hospital,available,45.74,45.74,high,low,7,spaceship,,,30/09/2026 13:03
d4258e4a-a3ab-4612-886c-240f96d08d3f,telecom.sarl,available,5.2,5.2,high,low,7,cloudflare,,,30/09/2026 13:03
34ba3f8e-3ddd-4f14-a1d6-10c69fa8e296,telecom.film,available,65.99,65.99,high,low,7,namesilo,,,30/09/2026 13:03
0c6b7fa5-35ca-4fa6-b0f0-379f99b78d12,telecom.legal,available,55.2,55.2,high,low,7,cloudflare,,,30/09/2026 13:03
3107fecd-4a2b-4078-a40f-77937f403e3d,communication.travel,available,27.99,149.99,high,low,13,namesilo,,,03/10/2026 08:59
05a342c6-7e93-44c4-ad71-4bd6f15df5d2,communication.vegas,available,18.99,43.99,high,low,13,namesilo,,,03/10/2026 08:59
a552bb71-8dbf-43f9-81b8-8f88a9db6ef4,telecom.day,premium,133.72,133.72,high,low,7,spaceship,,,30/09/2026 13:03
a0ee3eb5-dd78-4c6c-8fa9-5fe32ef024ca,telecom.dance,available,10.48,36.98,high,low,7,namecheap,,,30/09/2026 13:03
b6eff51e-b489-49c2-b266-c7fb1862467a,communication.onl,available,5.49,23.49,high,low,13,namesilo,,,03/10/2026 08:59
aa8c9872-7dff-4c46-897e-32267163f501,communication.london,available,31.99,31.99,high,low,13,namesilo,,,03/10/2026 08:59
19cc90c9-1e42-4a0c-a556-dc6ca14e4d2e,telecom.reisen,available,21.98,28.98,high,low,7,namecheap,,,30/09/2026 13:03
bdeea775-32eb-4626-b303-68ea3086af5e,communication.salon,available,10.81,45.83,high,low,13,porkbun,,,03/10/2026 08:59
66795000-b549-47ed-87ec-40b8dd0c56bc,communication.singles,available,3.31,27.11,high,low,13,spaceship,,,03/10/2026 08:59
a5a8d48c-84c5-4f4d-bb81-cf0cb82ee953,communication.actor,available,16,36.6,high,low,13,unstoppable,,,03/10/2026 08:59
903369ad-8d58-4926-9981-966a9a414341,communication.shoes,available,34.98,81.98,high,low,13,namecheap,,,03/10/2026 08:59
b0eff8fd-d4b1-4d41-8451-82cf9e1fbcab,communication.autos,available,1.8,21.98,high,low,13,namecheap,,,03/10/2026 08:59
16f90409-f533-4162-8c3d-71177bc822a6,internet.meme,resell,,,high,medium,8,"101domain, Inc.",30/11/2023 16:00,30/11/2026 16:00,04/10/2026 16:54
e616bb0e-3d8e-41a8-96be-f010146a599a,communication.cv,premium,649.6,80.33,high,low,13,namesilo,,,03/10/2026 08:59
658a924a-08c8-4b31-86da-346567da2be9,telecom.markets,premium,500,,high,low,7,name.com,,,30/09/2026 13:03
1ca508cf-423b-45a1-87d3-d619052e6978,communication.glass,available,72.99,72.99,high,low,13,namesilo,,,03/10/2026 08:59
6ed65295-14ef-4f68-984a-0485d401710e,telecom.sbs,premium,384,768,high,low,7,namesilo,,,30/09/2026 13:03
118ef134-40c5-451a-9742-f7eacee1858f,broadband.online,premium,13800,13800,high,low,9,namesilo,,,03/10/2026 17:43
18dbc88c-ba8c-473b-9891-2a0ca10b09af,telecom.run,resell,,,high,low,7,Dynadot Inc,06/06/2026 17:00,06/06/2027 17:00,30/09/2026 13:03
ac65f9b0-896f-4123-945c-cf0774a3dfab,wireless.tech,premium,13800,13800,high,low,8,namesilo,,,04/10/2026 09:41
92e0a923-1e6f-4399-80c1-ad80f1cc12a2,communication.loans,available,20.99,116.99,high,low,13,namesilo,,,03/10/2026 08:59
5abc0370-e0ba-4f6d-ae56-96c759e094bb,communication.gifts,available,8.24,30.18,high,low,13,dynadot,,,03/10/2026 08:59
55a4e8e1-04d0-4eb9-a77c-5bf8a82cb59c,internet.expert,resell,,,high,medium,8,"Global Domains International, Inc. DBA DomainCostClub.com",15/07/2015 16:00,15/07/2028 16:00,04/10/2026 16:54
024e6a1f-dfe2-4ea1-bdc5-6df4d75f4b5e,telecom.sale,premium,102.67,102.67,high,low,7,spaceship,,,30/09/2026 13:03
4c2d7d49-7dec-4e85-b369-94bd596910ae,communication.promo,available,10.55,19.87,high,low,13,spaceship,,,03/10/2026 08:59
74ba0dc7-a793-49db-b023-3c9c76b75553,communication.fitness,available,3.48,54.98,high,low,13,namecheap,,,03/10/2026 08:59
2973cfa2-2d39-40f8-b881-8302355718af,telecom.gmbh,available,45.99,45.99,high,low,7,namesilo,,,30/09/2026 13:03
8095dcbf-07df-437c-9355-63dae1205e89,telecom.science,premium,1107,116,high,low,7,namesilo,,,30/09/2026 13:03
32a28cd7-6c51-4182-9463-8ffe9551edb0,communication.catering,available,31.25,31.25,high,low,13,spaceship,,,03/10/2026 08:59
d0c7bc6e-5686-4aec-ac3d-dfc18ba450e3,communication.attorney,available,49.88,49.88,high,low,13,spaceship,,,03/10/2026 08:59
f1d0eca2-9d71-4ce1-b87c-710abb6ceda7,telecom.icu,premium,384,768,high,low,7,namesilo,,,30/09/2026 13:03
edac0f7e-3fbd-468e-995c-74eedc07a804,internet.lifestyle,premium,724.7,1035.2,high,medium,8,spaceship,,,04/10/2026 16:54
2e54dcc5-ebc5-4db5-9991-66bde8ce44e4,telecom.consulting,premium,242,242,high,low,7,namesilo,,,30/09/2026 13:03
da0819d7-0e4a-4fd1-8504-4306c6a1cc97,communication.careers,available,34.99,71.99,high,low,13,namesilo,,,03/10/2026 08:59
be5a1759-ab9d-491b-9420-9e87293fa7d3,communication.qpon,available,2.19,11.49,high,low,13,namesilo,,,03/10/2026 08:59
9f8db32b-ea62-4721-a5bc-4f3fa0f7db3b,telecom.marketing,available,5.57,34.46,high,low,7,dynadot,,,30/09/2026 13:03
9f455583-106c-47ec-b9b5-647787091854,internet.bio,resell,,,high,medium,8,"Sav.com, LLC - 1",16/07/2026 15:15,16/07/2027 15:15,04/10/2026 16:54
571fc43c-700f-43d6-9000-b23391d04590,internet.farm,resell,,,high,medium,8,"Sav.com, LLC - 13",02/03/2026 15:16,02/03/2027 15:16,04/10/2026 16:54
175295f1-0ad6-4519-a1ed-ce2b4721b96d,telecom.catering,available,31.25,31.25,high,low,7,spaceship,,,30/09/2026 13:03
d9a82889-a230-4edc-bbd9-d36968f62d54,telecom.band,available,20.99,31.49,high,low,7,namesilo,,,30/09/2026 13:03
e3f2deef-bbac-45a3-998e-bec3ab380406,telecom.sucks,premium,2658.67,2658.67,high,low,7,namesilo,,,30/09/2026 13:03
02c2c829-f7dd-401c-b263-fecf8109a7da,internet.ryukyu,available,17.98,22.98,high,medium,8,namecheap,,,04/10/2026 16:54
118637b0-2d0c-4ca7-adfd-82abbffc84bc,telecom.soccer,available,25.99,25.99,high,low,7,namesilo,,,30/09/2026 13:03
51a07907-c24d-41ae-9710-22579bcf332f,communication.sh,available,39.99,47.99,high,low,13,namesilo,,,03/10/2026 08:59
340576cf-6f3a-4d0d-a430-65020a37336b,internet.toys,resell,,,high,medium,8,Porkbun LLC,23/12/2016 02:11,23/12/2026 02:11,04/10/2026 16:54
9d724f8a-dc8c-4051-8fb9-8e92f87854be,telecom.date,premium,384,53.92,high,low,7,namesilo,,,30/09/2026 13:03
291b05f4-003f-4cad-b4a1-520888673903,wireless.chat,premium,51.43,102.67,high,low,8,spaceship,,,04/10/2026 09:41
dd5e08ef-0ea3-42cf-b902-0cbf446fe56b,internet.florist,available,32.99,32.99,high,medium,8,namesilo,,,04/10/2026 16:54
c3f34f92-050d-4def-8487-aa983120f448,communication.living,available,5.49,39.99,high,low,13,namesilo,,,03/10/2026 08:59
2dbb82a2-0551-4b18-9ebc-03f5f41ebfe9,telecom.army,available,15.73,31.25,high,low,7,spaceship,,,30/09/2026 13:03
b45a0848-2b2a-4121-bd12-11d55eb53fcf,internet.dealer,premium,,,high,medium,8,,,,04/10/2026 16:54
3db48413-74c7-47be-a93a-c7a7b6d657b3,telecom.auction,available,36.99,36.99,high,low,7,namesilo,,,30/09/2026 13:03
ddd01d19-540e-4b85-814b-05111cf48f82,internet.graphics,resell,,,high,medium,8,"Sav.com, LLC",18/08/2026 17:02,18/08/2027 17:02,04/10/2026 16:54
9b918f7b-e194-46ce-a22b-b7099c0f4883,telecom.beauty,available,1.24,13.97,high,low,7,spaceship,,,30/09/2026 13:03
2c2f212b-2026-4f0a-802f-2a345db1f6c9,communication.engineering,available,9.52,51.95,high,low,13,spaceship,,,03/10/2026 08:59
86a92246-5821-4fa8-b7c0-199e17c841cb,communication.download,premium,640,77.35,high,low,13,namesilo,,,03/10/2026 08:59
67f86e80-d359-4821-a525-b40ef54433f4,telecom.shiksha,available,14.99,51.99,high,low,7,namesilo,,,30/09/2026 13:03
504c3a8f-20e4-4140-900a-86f25bb0371f,telecom.kaufen,available,5.99,26.99,high,low,7,namesilo,,,30/09/2026 13:03
8f538fe4-c1c4-445e-8ef1-cee7a98d283c,communication.global,premium,1242.2,51.95,high,low,13,spaceship,,,03/10/2026 08:59
20f1ac60-456c-4bd7-9a8f-38ea9769abce,telecom.best,resell,,,high,low,7,Dynadot Inc,30/07/2026 00:05,30/07/2027 23:59,30/09/2026 13:03
49b48f6b-2ffc-4e75-a443-d7d05fe8b05a,internet.tickets,available,359.99,488.88,high,medium,8,namesilo,,,04/10/2026 16:54
16003cb5-6c76-4458-b580-a3164acedb2f,internet.observer,premium,828.2,828.2,high,medium,8,spaceship,,,04/10/2026 16:54
f73313ef-d523-491a-bbf7-76ce0eb5fc81,telecom.healthcare,available,70.58,70.58,high,low,7,spaceship,,,30/09/2026 13:03
327572cd-f4ff-47ee-9601-4a08b8f6e821,communication.reviews,premium,242,242,high,low,13,namesilo,,,03/10/2026 08:59
cf188c46-05d0-4f1f-9e67-6d2bbb208c74,communication.institute,resell,,,high,low,13,Dynadot Inc,26/01/2026 17:00,26/01/2027 17:00,03/10/2026 08:59
57e8fcc7-90c8-4d01-9b56-a652b9b7cec6,internet.xxx,resell,,,high,medium,8,Dynadot Inc,30/01/2012 20:11,30/01/2028 20:11,04/10/2026 16:54
2014084b-2790-44bf-abfa-16a6438f0e5b,communication.store,premium,647.08,2587.7,high,low,13,spaceship,,,03/10/2026 08:59
341876ac-dcf3-4095-af75-a6f1e06c0897,telecom.republican,available,5.66,26.26,high,low,7,porkbun,,,30/09/2026 13:03
486957d5-88a4-4a41-8585-38593bc4b0ac,internet.repair,resell,,,high,medium,8,"GoDaddy.com, LLC",20/07/2026 15:15,20/07/2028 15:15,04/10/2026 16:54
76827610-78aa-4924-8324-bfc132c98517,broadband.nexus,premium,76.7,76.7,high,low,9,namecheap,,,03/10/2026 17:43
e52f32b4-6dcd-4f3a-9b2d-d8ff60f10dfd,telecom.finance,premium,102.67,102.67,high,low,7,spaceship,,,30/09/2026 13:03
a48285a4-283d-41b0-a1fa-22c8e29d91b1,communication.film,available,77.98,97.98,high,low,13,namecheap,,,03/10/2026 08:59
ad9198b2-6bdd-4d7f-95ec-a143fcc9bfe8,telecom.graphics,available,18.83,18.83,high,low,7,spaceship,,,30/09/2026 13:03
d3673181-a092-48f1-821c-e6dcfd0ac53c,communication.sydney,available,58,58,high,low,13,namesilo,,,03/10/2026 08:59
7ead9566-5628-4090-8f61-d35b51df05d8,communication.money,available,16.99,35.99,high,low,13,namesilo,,,03/10/2026 08:59
5a8a9fb6-6266-4f83-b893-6cd633f5c4b9,communication.irish,available,17.2,17.2,high,low,13,cloudflare,,,03/10/2026 08:59
1f26b632-629d-4592-988c-b758957a6aca,communication.host,premium,258.95,517.7,high,low,13,spaceship,,,03/10/2026 08:59
e2178e6f-e3ef-444a-9f8a-7bbd909b9fda,communication.press,premium,1107,1107,high,low,13,namesilo,,,03/10/2026 08:59
848b99c7-1ea4-4254-abdf-2ce027361824,communication.new,available,412.2,412.2,high,low,13,spaceship,,,03/10/2026 08:59
1569ebf2-5a11-4e44-9ec1-a5b7be46ffc7,cell.network,resell,,,high,low,4,Dynadot Inc,20/09/2018 21:50,20/09/2027 21:50,04/10/2026 22:18
2898d814-d95c-4ff8-920f-c79e97fde01c,communication.hockey,available,8.24,49.44,high,low,13,dynadot,,,03/10/2026 08:59
fc639ee5-8892-42e2-a6e7-a401f96860fd,communication.voting,available,978.6,978.6,high,low,13,dynadot,,,03/10/2026 08:59
71f1e422-44ab-4475-9189-687566de190e,wireless.org,resell,431250,21.99,high,low,8,"GoDaddy.com, LLC",17/03/1999 05:00,17/03/2027 05:00,04/10/2026 09:41
c3dbdb73-a304-42ff-a7b3-f838e44c3789,communication.pink,premium,273.41,546.35,high,low,13,porkbun,,,03/10/2026 08:59
a0f34d0a-5fba-45f3-b21f-637908d29f54,communication.consulting,premium,242,242,high,low,13,namesilo,,,03/10/2026 08:59
eb74b6bf-0234-4e1a-8b18-fdceb2923966,communication.reise,available,75.2,75.2,high,low,13,cloudflare,,,03/10/2026 08:59
a2ca2bd0-4b58-4b54-9e29-6465a09ee1a3,communication.adult,available,51.95,98.53,high,low,13,spaceship,,,03/10/2026 08:59
864c48af-1f55-47fa-be3e-088132bd355f,internet.adult,resell,,,high,medium,8,Dynadot Inc,29/05/2015 15:14,29/05/2028 15:14,04/10/2026 16:54
5279e21b-7b9d-4e00-9613-fd3b64c0ea06,telecom.stream,premium,103.7,26.08,high,low,7,spaceship,,,30/09/2026 13:03
6cc78326-47ed-4cf7-9c86-6af0df893d0d,communication.gives,available,7.48,37.98,high,low,13,namecheap,,,03/10/2026 08:59
03f24ed0-22dd-488d-aa7f-a5eee3ccbbc7,communication.bot,premium,1000.5,1035.2,high,low,13,unstoppable,,,03/10/2026 08:59
b6c6a467-67ca-4545-bb51-0a244ee70ce7,telecom.meme,premium,187.5,,high,low,7,name.com,,,30/09/2026 13:03
0c717a0d-6067-424b-80e3-79177e8f15ca,telecom.creditcard,available,129.2,129.2,high,low,7,spaceship,,,30/09/2026 13:03
2ba9ccb4-8678-44cb-b541-1c242da35e97,broadband.contact,available,14.99,14.99,high,low,9,namesilo,,,03/10/2026 17:43
cca7f43c-29cd-4f03-b5f3-94fc8fff4f56,connectivity.world,resell,,,high,low,12,"Sav.com, LLC - 6",07/05/2026 15:15,07/05/2027 15:15,01/10/2026 17:34
7f560951-ad93-4c0f-be40-4328fe40a82a,internet.website,premium,2587.7,5175.2,high,medium,8,spaceship,,,04/10/2026 16:54
075ce69e-3c6a-4233-ba21-fa418311d237,communication.sucks,available,218.99,218.99,high,low,13,namesilo,,,03/10/2026 08:59
b02d1b87-318f-4f47-a90b-b43e8fadf373,communication.repair,available,5.38,29.18,high,low,13,spaceship,,,03/10/2026 08:59
30b182f4-2ffd-4ea5-8f87-0456a60e9c72,telecom.support,available,8.99,26.99,high,low,7,namesilo,,,30/09/2026 13:03
d3e6a6cb-ed04-4d8f-87d4-68316b6d2f18,telecom.gift,available,16.91,16.91,high,low,7,dynadot,,,30/09/2026 13:03
227027ba-5220-468a-85e4-708768f6ff4f,telecom.games,available,10.55,27.11,high,low,7,spaceship,,,30/09/2026 13:03
8c3c86dc-6322-49c6-9381-eb1b35e4923b,telecom.study,available,1.24,31.28,high,low,7,spaceship,,,30/09/2026 13:03
d3d69bcd-313f-4d63-9f5a-f2bc2b2c3003,internet.boston,premium,260,23.4,high,medium,8,namecheap,,,04/10/2026 16:54
abb02e80-8534-496c-ace1-8941ae71baaa,internet.cyou,resell,,,high,medium,8,"Global Domains International, Inc. DBA DomainCostClub.com",05/07/2022 16:46,05/07/2027 23:59,04/10/2026 16:54
5a024687-ca3b-4e17-bd18-449017527814,telecom.works,resell,7.99,,high,low,7,"Sav.com, LLC",29/12/2024 17:13,29/12/2025 17:13,30/09/2026 13:03
bfcbab1d-bb3e-4d0e-a979-a6c2f3e77679,internet.vana,available,2070.2,2070.2,high,medium,8,spaceship,,,04/10/2026 16:54
f9b7b4d2-f444-4ab4-80c1-059ad6d513d5,telecom.living,premium,980,1400,high,low,7,namecheap,,,30/09/2026 13:03
ab653eae-4d56-48ac-bb60-95fc9908ce03,communication.exchange,premium,99.5,118.8,high,low,13,unstoppable,,,03/10/2026 08:59
d11f95f5-5e07-4c62-b41e-3ec28b76d8ef,communication.fm,premium,249.6,102,high,low,13,namesilo,,,03/10/2026 08:59
a53e675a-ce23-4298-9fca-2596e51a04a1,signal.forex,premium,1250,,high,medium,6,name.com,,,27/09/2026 22:11
5e88c9a7-eaef-41b5-99a3-625a4cff2c9b,communication.you,premium,55.11,55.11,high,low,13,porkbun,,,03/10/2026 08:59
c48b0861-437d-42a9-98fe-67f144a43a9b,telecom.lifestyle,premium,1092.18,1092.18,high,low,7,porkbun,,,30/09/2026 13:03
8b0e1fe8-79f9-4c1d-898f-dbcd207e2bbb,signal.im,resell,,,high,medium,6,,,,27/09/2026 22:11
3373230f-0575-43ac-ac31-5190de0286ce,signal.digital,resell,,,high,medium,6,"Sav.com, LLC - 18",08/11/2022 15:15,08/11/2027 15:15,27/09/2026 22:11
e6dc2bcd-350c-4b4a-b9ea-f4825079914f,wireless.food,available,5.49,39.99,high,low,8,namesilo,,,04/10/2026 09:41
d64a657f-829c-440c-8f12-67fa9e0014e5,wireless.rodeo,available,12.99,12.99,high,low,8,namesilo,,,04/10/2026 09:41
8188c8f9-e4da-46fe-962b-b24514ace1c3,internet.how,premium,568.42,568.42,high,medium,8,spaceship,,,04/10/2026 16:54
e74680c0-dc8a-4846-b844-f73f88092d87,telecom.furniture,available,27.99,94.99,high,low,7,namesilo,,,30/09/2026 13:03
ee3ffa65-225c-48fb-bf53-8649cdd3c221,communication.parts,available,8.78,34.46,high,low,13,dynadot,,,03/10/2026 08:59
916156d4-c7e3-45dc-ab75-e585ca1fb804,internet.legal,premium,414.2,414.2,high,medium,8,spaceship,,,04/10/2026 16:54
1a522bed-ea65-41c7-8f13-6bf047a4280f,internet.mortgage,premium,440,440,high,medium,8,dynadot,,,04/10/2026 16:54
0aff6c18-3cee-43ac-b2ea-68ccfecb16d3,signal.my,premium,391.3,559,high,medium,6,spaceship,,,27/09/2026 22:11
3fa07467-852d-4682-9215-960d7f87dc4c,internet.miami,premium,414.2,18.83,high,medium,8,spaceship,,,04/10/2026 16:54
a882474c-8ae3-4e34-a2f7-7dd286678933,internet.reise,premium,207.2,207.2,high,medium,8,spaceship,,,04/10/2026 16:54
582132eb-f84d-493b-8590-bdea7f2a6eea,telecom.ong,available,18.98,24.98,high,low,7,namecheap,,,30/09/2026 13:03
6b761e2d-5301-4108-bcc3-58e8afb5d755,signal.theatre,available,509.99,529.99,high,medium,6,namesilo,,,27/09/2026 22:11
2748a471-8857-4343-97a2-55720588a883,internet.guru,resell,,,high,medium,8,"Sav.com, LLC",18/05/2022 13:15,18/05/2027 13:15,04/10/2026 16:54
321bd4d2-c7a7-440d-ab01-4397eadd0a13,communication.live,resell,,,high,low,13,Squarespace Domains II LLC,28/11/2020 09:36,28/11/2026 09:36,03/10/2026 08:59
1ee20407-b58e-4a75-95d9-9d4bc854e019,communication.nexus,premium,61.27,61.27,high,low,13,spaceship,,,03/10/2026 08:59
f1de3bcc-60f8-459d-82bb-8792ec54a3fd,signal.love,resell,,,high,medium,6,"Chengdu West Dimension Digital Technology Co., LTD",19/06/2026 00:38,19/06/2027 00:38,27/09/2026 22:11
9b7243de-e825-4334-add8-f8eda07199a0,internet.hair,premium,2660,2660,high,medium,8,namesilo,,,04/10/2026 16:54
648d12c5-8097-4002-9194-d25e1bc152c8,networking.onl,available,5.49,23.49,high,low,10,namesilo,,,30/09/2026 05:49
609b5c2b-44a8-4a26-a6ab-6bd50f0f9dc7,signal.tickets,available,401.47,401.47,high,medium,6,dynadot,,,27/09/2026 22:11
7aa4bcfe-360f-47dc-a31d-af6816b2249a,wireless.theater,available,65.99,65.99,high,low,8,namesilo,,,04/10/2026 09:41
886bb7ee-da82-4113-83c4-4b02061d60f9,wireless.navy,available,43.98,45.98,high,low,8,namecheap,,,04/10/2026 09:41
4edda2d1-c7f2-4986-896f-c3ce65280689,communication.cheap,available,5.98,49.98,high,low,13,namecheap,,,03/10/2026 08:59
37a00f2e-0ddc-4c9f-98af-fbb09ebf7a2b,signal.holiday,available,50.2,50.2,high,medium,6,cloudflare,,,27/09/2026 22:11
d1f71148-a7fe-4307-bed0-80149aa5666f,internet.engineering,resell,,,high,medium,8,"Sav.com, LLC",06/06/2026 18:52,06/06/2027 18:52,04/10/2026 16:54
fb649eeb-1836-4a52-b196-2d037e991752,communication.condos,available,45.2,45.2,high,low,13,cloudflare,,,03/10/2026 08:59
48a9998a-a28d-465d-9f86-a0cba8a1febf,signal.ryukyu,available,17.98,22.98,high,medium,6,namecheap,,,27/09/2026 22:11
47fffaf2-73ad-4b82-9cc3-50f2907cf218,wireless.cool,available,9.49,44.99,high,low,8,namesilo,,,04/10/2026 09:41
e2be708b-30c0-4ab6-abaf-079bb051e434,communication.giving,available,6.41,22.39,high,low,13,spaceship,,,03/10/2026 08:59
f9395037-7ae4-4cb3-a0e2-355e3388ea9f,communication.guitars,available,103.5,103.5,high,low,13,porkbun,,,03/10/2026 08:59
e7916e1a-39c2-4784-973b-5f9111d55835,communication.villas,available,62.98,74.98,high,low,13,namecheap,,,03/10/2026 08:59
8f242f27-55f5-4907-9836-fc3f52c279b8,communication.vip,premium,175.5,17.7,high,low,13,unstoppable,,,03/10/2026 08:59
6b7f83df-87a1-4192-9d53-aca2d334b07f,wireless.tax,available,52.2,52.2,high,low,8,cloudflare,,,04/10/2026 09:41
9ff754ff-d854-4276-823e-e948f5686b21,signal.cars,available,1999.99,2199,high,medium,6,namesilo,,,27/09/2026 22:11
b2d250d1-272b-4800-917a-f9546a50d58d,communication.channel,premium,133.72,133.72,high,low,13,spaceship,,,03/10/2026 08:59
08ba0576-958c-4389-8663-954b00104ebf,wireless.channel,premium,257.92,257.92,high,low,8,spaceship,,,04/10/2026 09:41
140504bf-b8df-4da0-b870-39a139543436,signal.jetzt,available,18.2,18.2,high,medium,6,cloudflare,,,27/09/2026 22:11
1e71d65d-b47d-4657-9204-9f0f3c6bb4ae,wireless.rsvp,premium,323.7,323.7,high,low,8,namecheap,,,04/10/2026 09:41
609dd113-590f-4afb-a966-70faab063468,communication.sexy,available,2749.99,2749.99,high,low,13,namesilo,,,03/10/2026 08:59
c26289e7-8cb7-4876-9a48-d7301958ae69,wireless.uk,resell,,,high,low,8,Mr DJ Wood t/a Domain Names Ltd,02/10/2021 16:25,02/10/2027 16:25,04/10/2026 09:41
69d42198-42e2-4e92-a340-0b55ea784ae9,signal.racing,premium,103.7,155.45,high,medium,6,spaceship,,,27/09/2026 22:11
357a0fd0-7f0e-4a3f-a51b-f8c71ad4c93d,communication.cloud,premium,440,550,high,low,13,dynadot,,,03/10/2026 08:59
888e3993-362c-413e-b519-47fe7f755291,provider.systems,available,27.2,27.2,high,low,8,cloudflare,,,30/09/2026 08:26
be77e8fb-393d-4af3-893b-85786a671381,communication.recipes,available,60.2,60.2,high,low,13,cloudflare,,,03/10/2026 08:59
d68af3c0-8857-4e67-8594-534cd734a14f,communication.ltd,available,4.34,25.04,high,low,13,spaceship,,,03/10/2026 08:59